use movies;

insert into Actors (first_name, last_name, gender, age) values ('Chloris', 'Flack', 'Female', 100);
insert into Actors (first_name, last_name, gender, age) values ('Cy', 'King', 'Male', 79);
insert into Actors (first_name, last_name, gender, age) values ('Wain', 'Redhead', 'Male', 42);
insert into Actors (first_name, last_name, gender, age) values ('Louie', 'Handmore', 'Male', 52);
insert into Actors (first_name, last_name, gender, age) values ('Ottilie', 'Beddingham', 'Female', 59);
insert into Actors (first_name, last_name, gender, age) values ('Foster', 'Silverstone', 'Male', 92);
insert into Actors (first_name, last_name, gender, age) values ('Jacquenette', 'Bracher', 'Female', 83);
insert into Actors (first_name, last_name, gender, age) values ('Cindy', 'Levy', 'Female', 82);
insert into Actors (first_name, last_name, gender, age) values ('Nadean', 'Julyan', 'Female', 77);
insert into Actors (first_name, last_name, gender, age) values ('Hamnet', 'Alloisi', 'Male', 73);
insert into Actors (first_name, last_name, gender, age) values ('Batsheva', 'Ewbanke', 'Female', 14);
insert into Actors (first_name, last_name, gender, age) values ('Loraine', 'Inglish', 'Female', 53);
insert into Actors (first_name, last_name, gender, age) values ('Tatiania', 'Glew', 'Female', 91);
insert into Actors (first_name, last_name, gender, age) values ('Briant', 'Copland', 'Male', 97);
insert into Actors (first_name, last_name, gender, age) values ('Andrew', 'Adolfson', 'Male', 52);
insert into Actors (first_name, last_name, gender, age) values ('Delaney', 'Hankins', 'Male', 60);
insert into Actors (first_name, last_name, gender, age) values ('Wendall', 'Kindread', 'Male', 46);
insert into Actors (first_name, last_name, gender, age) values ('Pascale', 'Drohun', 'Male', 39);
insert into Actors (first_name, last_name, gender, age) values ('Glenden', 'Narramor', 'Male', 60);
insert into Actors (first_name, last_name, gender, age) values ('Fields', 'Davidovics', 'Male', 80);
insert into Actors (first_name, last_name, gender, age) values ('Cherye', 'Marshal', 'Female', 65);
insert into Actors (first_name, last_name, gender, age) values ('Patrizia', 'Knappitt', 'Female', 87);
insert into Actors (first_name, last_name, gender, age) values ('Pearce', 'Crosskell', 'Male', 59);
insert into Actors (first_name, last_name, gender, age) values ('Hyacinthia', 'Gilfoyle', 'Female', 22);
insert into Actors (first_name, last_name, gender, age) values ('Inglebert', 'Czapla', 'Male', 24);
insert into Actors (first_name, last_name, gender, age) values ('Adele', 'Walliker', 'Bigender', 76);
insert into Actors (first_name, last_name, gender, age) values ('Darcy', 'Langcaster', 'Female', 97);
insert into Actors (first_name, last_name, gender, age) values ('Stillmann', 'Widdicombe', 'Male', 98);
insert into Actors (first_name, last_name, gender, age) values ('Wallis', 'Pearl', 'Male', 78);
insert into Actors (first_name, last_name, gender, age) values ('Mira', 'Kitteman', 'Female', 10);
insert into Actors (first_name, last_name, gender, age) values ('Trixi', 'Elt', 'Female', 88);
insert into Actors (first_name, last_name, gender, age) values ('Gabbie', 'Gissing', 'Male', 49);
insert into Actors (first_name, last_name, gender, age) values ('Rolf', 'Ryding', 'Male', 24);
insert into Actors (first_name, last_name, gender, age) values ('Augy', 'Angelo', 'Male', 99);
insert into Actors (first_name, last_name, gender, age) values ('Lowe', 'De L''Isle', 'Male', 80);
insert into Actors (first_name, last_name, gender, age) values ('Esma', 'Dishman', 'Female', 81);
insert into Actors (first_name, last_name, gender, age) values ('Frayda', 'Lilleman', 'Female', 23);
insert into Actors (first_name, last_name, gender, age) values ('Reube', 'Bidgod', 'Male', 12);
insert into Actors (first_name, last_name, gender, age) values ('Galvan', 'De Bernardi', 'Male', 33);
insert into Actors (first_name, last_name, gender, age) values ('Leopold', 'Brixey', 'Bigender', 27);

insert into Movie (movie_name, distribution_fee) values ('Graceland', 1295.64);
insert into Movie (movie_name, distribution_fee) values ('Born to Be Bad', 492594.0);
insert into Movie (movie_name, distribution_fee) values ('Wyatt Earp', 885262.89);
insert into Movie (movie_name, distribution_fee) values ('Clean and Sober', 547145.83);
insert into Movie (movie_name, distribution_fee) values ('Without a Paddle', 77728.44);
insert into Movie (movie_name, distribution_fee) values ('Trois', 247095.97);
insert into Movie (movie_name, distribution_fee) values ('Down to Earth', 857218.41);
insert into Movie (movie_name, distribution_fee) values ('Knights of the Round Table', 269518.14);
insert into Movie (movie_name, distribution_fee) values ('Bird', 468330.91);
insert into Movie (movie_name, distribution_fee) values ('In My Sleep', 508996.44);
insert into Movie (movie_name, distribution_fee) values ('Monsieur Lazhar', 346770.06);
insert into Movie (movie_name, distribution_fee) values ('Sylvia and the Ghost', 592215.2);
insert into Movie (movie_name, distribution_fee) values ('Deep Water', 749341.17);
insert into Movie (movie_name, distribution_fee) values ('Undercurrent', 505720.32);
insert into Movie (movie_name, distribution_fee) values ('Lucy', 186546.72);
insert into Movie (movie_name, distribution_fee) values ('Wonder Bar', 742406.16);
insert into Movie (movie_name, distribution_fee) values ('Catch That Kid', 482224.9);
insert into Movie (movie_name, distribution_fee) values ('9to5: office job', 713809.17);
insert into Movie (movie_name, distribution_fee) values ('Rocks in my Pockets', 394522.9);
insert into Movie (movie_name, distribution_fee) values ('Suomisen Olli yllättää', 863609.74);
insert into Movie (movie_name, distribution_fee) values ('To Sleep with Anger', 656912.88);
insert into Movie (movie_name, distribution_fee) values ('Confessions of a robber', 582346.09);
insert into Movie (movie_name, distribution_fee) values ('This Land Is Mine', 759026.7);
insert into Movie (movie_name, distribution_fee) values ('.45', 967100.08);
insert into Movie (movie_name, distribution_fee) values ('Trailer Park Boys', 236061.44);
insert into Movie (movie_name, distribution_fee) values ('Set Me Free (Emporte-moi)', 463416.0);
insert into Movie (movie_name, distribution_fee) values ('Gathering', 645179.53);
insert into Movie (movie_name, distribution_fee) values ('Everest', 354475.06);
insert into Movie (movie_name, distribution_fee) values ('Ice Pirates, The', 234144.59);
insert into Movie (movie_name, distribution_fee) values ('Last Wedding, The (Kivenpyörittäjän kylä)', 617631.28);
insert into Movie (movie_name, distribution_fee) values ('Tooth Fairy 2', 709444.65);
insert into Movie (movie_name, distribution_fee) values ('C.R.A.Z.Y.', 77074.55);
insert into Movie (movie_name, distribution_fee) values ('Bean', 297784.25);
insert into Movie (movie_name, distribution_fee) values ('Question of Silence, A (De stilte rond Christine ', 388561.5);
insert into Movie (movie_name, distribution_fee) values ('Yossi & Jagger', 1861.65);
insert into Movie (movie_name, distribution_fee) values ('Good Year', 189749.75);
insert into Movie (movie_name, distribution_fee) values ('Jazz Singer', 298189.69);
insert into Movie (movie_name, distribution_fee) values ('Blue City', 117004.94);
insert into Movie (movie_name, distribution_fee) values ('Dragon Age: Blood mage no seisen ', 867488.62);
insert into Movie (movie_name, distribution_fee) values ('The Town that Dreaded Sundown', 565503.1);
insert into Movie (movie_name, distribution_fee) values ('Chernobyl Diaries', 365700.39);
insert into Movie (movie_name, distribution_fee) values ('Fate of a Man (Sudba cheloveka)', 329247.49);
insert into Movie (movie_name, distribution_fee) values ('Aftermath', 167223.74);
insert into Movie (movie_name, distribution_fee) values ('Belly of an Architect, The', 873897.71);
insert into Movie (movie_name, distribution_fee) values ('Ask Me Anything', 42284.98);
insert into Movie (movie_name, distribution_fee) values ('Perfect Couple, A', 947343.18);
insert into Movie (movie_name, distribution_fee) values ('Double Take', 581522.0);
insert into Movie (movie_name, distribution_fee) values ('Reclaim', 243483.73);
insert into Movie (movie_name, distribution_fee) values ('Island, The', 227722.67);
insert into Movie (movie_name, distribution_fee) values ('U-571', 150933.22);
insert into Movie (movie_name, distribution_fee) values ('Killer at Large', 253634.86);
insert into Movie (movie_name, distribution_fee) values ('Locke', 912804.28);
insert into Movie (movie_name, distribution_fee) values ('Beach day', 637561.0);
insert into Movie (movie_name, distribution_fee) values ('All About the Benjamins', 297960.0);
insert into Movie (movie_name, distribution_fee) values ('Bedlam', 88257.26);
insert into Movie (movie_name, distribution_fee) values ('Three Brave Men', 517593.05);
insert into Movie (movie_name, distribution_fee) values ('The War', 350058.86);
insert into Movie (movie_name, distribution_fee) values ('Daddy Long Legs', 985697.88);
insert into Movie (movie_name, distribution_fee) values ('They All Laughed', 758685.49);
insert into Movie (movie_name, distribution_fee) values ('Venus', 74883.17);
insert into Movie (movie_name, distribution_fee) values ('Return', 921974.42);
insert into Movie (movie_name, distribution_fee) values ('Casanova', 139621.27);
insert into Movie (movie_name, distribution_fee) values ('Quiet as a Mouse (Muxmäuschenstill)', 563336.33);
insert into Movie (movie_name, distribution_fee) values ('World According to Sesame Street', 403281.06);
insert into Movie (movie_name, distribution_fee) values ('Side Out', 284453.19);
insert into Movie (movie_name, distribution_fee) values ('Human Traffic', 827789.1);
insert into Movie (movie_name, distribution_fee) values ('Tiger''s Tail', 634896.93);
insert into Movie (movie_name, distribution_fee) values ('Firehouse Dog', 813629.85);
insert into Movie (movie_name, distribution_fee) values ('Misérables, Les', 925339.95);
insert into Movie (movie_name, distribution_fee) values ('Le créateur ', 958133.09);

insert into Movie_copies (movie_id, format, resolution) values (27, 'DVD', '1600x900');
insert into Movie_copies (movie_id, format, resolution) values (33, 'USB', '800x500');
insert into Movie_copies (movie_id, format, resolution) values (9, 'Lazer Disk', '2560x1440');
insert into Movie_copies (movie_id, format, resolution) values (46, 'Lazer Disk', '1920x1080');
insert into Movie_copies (movie_id, format, resolution) values (5, 'DVD', '800x500');
insert into Movie_copies (movie_id, format, resolution) values (12, 'Blue Ray', '2560x1440');
insert into Movie_copies (movie_id, format, resolution) values (6, 'VHS', '1920x1080');
insert into Movie_copies (movie_id, format, resolution) values (65, 'Blue Ray', '1600x900');
insert into Movie_copies (movie_id, format, resolution) values (4, 'USB', '1600x900');
insert into Movie_copies (movie_id, format, resolution) values (27, 'USB', '1600x900');
insert into Movie_copies (movie_id, format, resolution) values (58, 'DVD', '1600x900');
insert into Movie_copies (movie_id, format, resolution) values (35, 'USB', '800x500');
insert into Movie_copies (movie_id, format, resolution) values (32, 'DVD', '800x500');
insert into Movie_copies (movie_id, format, resolution) values (32, 'VHS', '1600x900');
insert into Movie_copies (movie_id, format, resolution) values (24, 'VHS', '1920x1080');
insert into Movie_copies (movie_id, format, resolution) values (41, 'DVD', '2560x1440');
insert into Movie_copies (movie_id, format, resolution) values (19, 'Lazer Disk', '2560x1440');
insert into Movie_copies (movie_id, format, resolution) values (38, 'USB', '1920x1080');
insert into Movie_copies (movie_id, format, resolution) values (30, 'Lazer Disk', '800x500');
insert into Movie_copies (movie_id, format, resolution) values (49, 'USB', '2560x1440');
insert into Movie_copies (movie_id, format, resolution) values (9, 'DVD', '800x500');
insert into Movie_copies (movie_id, format, resolution) values (11, 'Blue Ray', '800x500');
insert into Movie_copies (movie_id, format, resolution) values (11, 'USB', '2560x1440');
insert into Movie_copies (movie_id, format, resolution) values (35, 'Blue Ray', '1600x900');
insert into Movie_copies (movie_id, format, resolution) values (46, 'VHS', '1920x1080');
insert into Movie_copies (movie_id, format, resolution) values (35, 'VHS', '800x500');
insert into Movie_copies (movie_id, format, resolution) values (42, 'DVD', '2560x1440');
insert into Movie_copies (movie_id, format, resolution) values (40, 'Blue Ray', '800x500');
insert into Movie_copies (movie_id, format, resolution) values (42, 'Lazer Disk', '1920x1080');
insert into Movie_copies (movie_id, format, resolution) values (1, 'DVD', '1600x900');
insert into Movie_copies (movie_id, format, resolution) values (68, 'DVD', '1600x900');
insert into Movie_copies (movie_id, format, resolution) values (34, 'Blue Ray', '1600x900');
insert into Movie_copies (movie_id, format, resolution) values (32, 'DVD', '2560x1440');
insert into Movie_copies (movie_id, format, resolution) values (59, 'VHS', '2560x1440');
insert into Movie_copies (movie_id, format, resolution) values (64, 'Lazer Disk', '800x500');
insert into Movie_copies (movie_id, format, resolution) values (38, 'USB', '1920x1080');
insert into Movie_copies (movie_id, format, resolution) values (50, 'VHS', '1920x1080');
insert into Movie_copies (movie_id, format, resolution) values (52, 'DVD', '800x500');
insert into Movie_copies (movie_id, format, resolution) values (42, 'VHS', '800x500');
insert into Movie_copies (movie_id, format, resolution) values (3, 'Lazer Disk', '800x500');
insert into Movie_copies (movie_id, format, resolution) values (69, 'USB', '1600x900');
insert into Movie_copies (movie_id, format, resolution) values (65, 'DVD', '1600x900');
insert into Movie_copies (movie_id, format, resolution) values (5, 'DVD', '1600x900');
insert into Movie_copies (movie_id, format, resolution) values (26, 'Blue Ray', '800x500');
insert into Movie_copies (movie_id, format, resolution) values (41, 'USB', '800x500');
insert into Movie_copies (movie_id, format, resolution) values (20, 'DVD', '1920x1080');
insert into Movie_copies (movie_id, format, resolution) values (20, 'VHS', '800x500');
insert into Movie_copies (movie_id, format, resolution) values (46, 'Blue Ray', '1920x1080');
insert into Movie_copies (movie_id, format, resolution) values (3, 'Lazer Disk', '800x500');
insert into Movie_copies (movie_id, format, resolution) values (20, 'Lazer Disk', '1600x900');
insert into Movie_copies (movie_id, format, resolution) values (17, 'VHS', '800x500');
insert into Movie_copies (movie_id, format, resolution) values (37, 'VHS', '800x500');
insert into Movie_copies (movie_id, format, resolution) values (59, 'DVD', '800x500');
insert into Movie_copies (movie_id, format, resolution) values (15, 'VHS', '1600x900');
insert into Movie_copies (movie_id, format, resolution) values (34, 'USB', '2560x1440');
insert into Movie_copies (movie_id, format, resolution) values (31, 'Lazer Disk', '800x500');
insert into Movie_copies (movie_id, format, resolution) values (19, 'Blue Ray', '800x500');
insert into Movie_copies (movie_id, format, resolution) values (62, 'USB', '1920x1080');
insert into Movie_copies (movie_id, format, resolution) values (54, 'Blue Ray', '2560x1440');
insert into Movie_copies (movie_id, format, resolution) values (10, 'Lazer Disk', '800x500');
insert into Movie_copies (movie_id, format, resolution) values (62, 'Lazer Disk', '1600x900');
insert into Movie_copies (movie_id, format, resolution) values (61, 'VHS', '1600x900');
insert into Movie_copies (movie_id, format, resolution) values (14, 'DVD', '2560x1440');
insert into Movie_copies (movie_id, format, resolution) values (53, 'Lazer Disk', '1920x1080');
insert into Movie_copies (movie_id, format, resolution) values (60, 'VHS', '1600x900');
insert into Movie_copies (movie_id, format, resolution) values (27, 'Blue Ray', '1600x900');
insert into Movie_copies (movie_id, format, resolution) values (4, 'USB', '1600x900');
insert into Movie_copies (movie_id, format, resolution) values (60, 'DVD', '1600x900');
insert into Movie_copies (movie_id, format, resolution) values (21, 'DVD', '1920x1080');
insert into Movie_copies (movie_id, format, resolution) values (4, 'Blue Ray', '2560x1440');
insert into Movie_copies (movie_id, format, resolution) values (60, 'Blue Ray', '1920x1080');
insert into Movie_copies (movie_id, format, resolution) values (28, 'VHS', '2560x1440');
insert into Movie_copies (movie_id, format, resolution) values (62, 'Blue Ray', '800x500');
insert into Movie_copies (movie_id, format, resolution) values (5, 'DVD', '1920x1080');
insert into Movie_copies (movie_id, format, resolution) values (20, 'Lazer Disk', '2560x1440');
insert into Movie_copies (movie_id, format, resolution) values (15, 'DVD', '800x500');
insert into Movie_copies (movie_id, format, resolution) values (23, 'USB', '2560x1440');
insert into Movie_copies (movie_id, format, resolution) values (10, 'VHS', '2560x1440');
insert into Movie_copies (movie_id, format, resolution) values (49, 'Blue Ray', '1600x900');
insert into Movie_copies (movie_id, format, resolution) values (63, 'VHS', '2560x1440');
insert into Movie_copies (movie_id, format, resolution) values (44, 'DVD', '1920x1080');
insert into Movie_copies (movie_id, format, resolution) values (69, 'DVD', '1600x900');
insert into Movie_copies (movie_id, format, resolution) values (45, 'Lazer Disk', '800x500');
insert into Movie_copies (movie_id, format, resolution) values (19, 'Blue Ray', '2560x1440');
insert into Movie_copies (movie_id, format, resolution) values (33, 'USB', '800x500');
insert into Movie_copies (movie_id, format, resolution) values (17, 'DVD', '1600x900');
insert into Movie_copies (movie_id, format, resolution) values (37, 'USB', '800x500');
insert into Movie_copies (movie_id, format, resolution) values (34, 'DVD', '800x500');
insert into Movie_copies (movie_id, format, resolution) values (59, 'Blue Ray', '1920x1080');
insert into Movie_copies (movie_id, format, resolution) values (44, 'VHS', '1600x900');
insert into Movie_copies (movie_id, format, resolution) values (70, 'Lazer Disk', '2560x1440');
insert into Movie_copies (movie_id, format, resolution) values (49, 'DVD', '1920x1080');
insert into Movie_copies (movie_id, format, resolution) values (3, 'VHS', '1920x1080');
insert into Movie_copies (movie_id, format, resolution) values (1, 'USB', '1600x900');
insert into Movie_copies (movie_id, format, resolution) values (22, 'USB', '800x500');
insert into Movie_copies (movie_id, format, resolution) values (17, 'USB', '1920x1080');
insert into Movie_copies (movie_id, format, resolution) values (30, 'Blue Ray', '800x500');
insert into Movie_copies (movie_id, format, resolution) values (40, 'USB', '800x500');
insert into Movie_copies (movie_id, format, resolution) values (65, 'Lazer Disk', '1920x1080');
insert into Movie_copies (movie_id, format, resolution) values (13, 'Lazer Disk', '800x500');
insert into Movie_copies (movie_id, format, resolution) values (67, 'DVD', '2560x1440');
insert into Movie_copies (movie_id, format, resolution) values (17, 'Blue Ray', '1600x900');
insert into Movie_copies (movie_id, format, resolution) values (56, 'Lazer Disk', '800x500');
insert into Movie_copies (movie_id, format, resolution) values (42, 'VHS', '800x500');
insert into Movie_copies (movie_id, format, resolution) values (31, 'Lazer Disk', '1600x900');
insert into Movie_copies (movie_id, format, resolution) values (13, 'Lazer Disk', '1920x1080');
insert into Movie_copies (movie_id, format, resolution) values (18, 'VHS', '800x500');
insert into Movie_copies (movie_id, format, resolution) values (20, 'USB', '1920x1080');
insert into Movie_copies (movie_id, format, resolution) values (9, 'USB', '1600x900');
insert into Movie_copies (movie_id, format, resolution) values (42, 'Lazer Disk', '800x500');
insert into Movie_copies (movie_id, format, resolution) values (35, 'Blue Ray', '1920x1080');
insert into Movie_copies (movie_id, format, resolution) values (8, 'Blue Ray', '1600x900');
insert into Movie_copies (movie_id, format, resolution) values (8, 'DVD', '2560x1440');
insert into Movie_copies (movie_id, format, resolution) values (32, 'VHS', '800x500');
insert into Movie_copies (movie_id, format, resolution) values (47, 'Lazer Disk', '2560x1440');
insert into Movie_copies (movie_id, format, resolution) values (58, 'Blue Ray', '2560x1440');
insert into Movie_copies (movie_id, format, resolution) values (64, 'DVD', '800x500');
insert into Movie_copies (movie_id, format, resolution) values (41, 'VHS', '800x500');
insert into Movie_copies (movie_id, format, resolution) values (39, 'Blue Ray', '1920x1080');
insert into Movie_copies (movie_id, format, resolution) values (46, 'DVD', '1920x1080');
insert into Movie_copies (movie_id, format, resolution) values (31, 'Blue Ray', '1600x900');
insert into Movie_copies (movie_id, format, resolution) values (12, 'Lazer Disk', '1600x900');
insert into Movie_copies (movie_id, format, resolution) values (47, 'DVD', '2560x1440');
insert into Movie_copies (movie_id, format, resolution) values (62, 'Lazer Disk', '800x500');
insert into Movie_copies (movie_id, format, resolution) values (47, 'Lazer Disk', '1920x1080');
insert into Movie_copies (movie_id, format, resolution) values (45, 'Blue Ray', '1600x900');
insert into Movie_copies (movie_id, format, resolution) values (50, 'USB', '2560x1440');
insert into Movie_copies (movie_id, format, resolution) values (53, 'VHS', '1920x1080');
insert into Movie_copies (movie_id, format, resolution) values (53, 'VHS', '2560x1440');
insert into Movie_copies (movie_id, format, resolution) values (58, 'Blue Ray', '1920x1080');
insert into Movie_copies (movie_id, format, resolution) values (64, 'Lazer Disk', '800x500');
insert into Movie_copies (movie_id, format, resolution) values (39, 'DVD', '2560x1440');
insert into Movie_copies (movie_id, format, resolution) values (58, 'Lazer Disk', '2560x1440');
insert into Movie_copies (movie_id, format, resolution) values (49, 'DVD', '1600x900');
insert into Movie_copies (movie_id, format, resolution) values (6, 'Lazer Disk', '1920x1080');
insert into Movie_copies (movie_id, format, resolution) values (24, 'Blue Ray', '2560x1440');
insert into Movie_copies (movie_id, format, resolution) values (68, 'VHS', '800x500');
insert into Movie_copies (movie_id, format, resolution) values (34, 'Blue Ray', '1920x1080');
insert into Movie_copies (movie_id, format, resolution) values (20, 'USB', '1600x900');
insert into Movie_copies (movie_id, format, resolution) values (58, 'Blue Ray', '800x500');
insert into Movie_copies (movie_id, format, resolution) values (60, 'DVD', '2560x1440');
insert into Movie_copies (movie_id, format, resolution) values (62, 'VHS', '800x500');
insert into Movie_copies (movie_id, format, resolution) values (30, 'USB', '1920x1080');
insert into Movie_copies (movie_id, format, resolution) values (13, 'Blue Ray', '2560x1440');
insert into Movie_copies (movie_id, format, resolution) values (6, 'DVD', '1600x900');
insert into Movie_copies (movie_id, format, resolution) values (52, 'Blue Ray', '1920x1080');
insert into Movie_copies (movie_id, format, resolution) values (50, 'Blue Ray', '800x500');
insert into Movie_copies (movie_id, format, resolution) values (21, 'Lazer Disk', '1600x900');
insert into Movie_copies (movie_id, format, resolution) values (17, 'VHS', '1600x900');
insert into Movie_copies (movie_id, format, resolution) values (62, 'DVD', '800x500');
insert into Movie_copies (movie_id, format, resolution) values (12, 'Lazer Disk', '1920x1080');
insert into Movie_copies (movie_id, format, resolution) values (42, 'Blue Ray', '1600x900');
insert into Movie_copies (movie_id, format, resolution) values (22, 'Blue Ray', '2560x1440');
insert into Movie_copies (movie_id, format, resolution) values (53, 'DVD', '800x500');
insert into Movie_copies (movie_id, format, resolution) values (4, 'USB', '800x500');
insert into Movie_copies (movie_id, format, resolution) values (26, 'VHS', '800x500');
insert into Movie_copies (movie_id, format, resolution) values (19, 'Lazer Disk', '1920x1080');
insert into Movie_copies (movie_id, format, resolution) values (24, 'Lazer Disk', '1920x1080');
insert into Movie_copies (movie_id, format, resolution) values (46, 'Lazer Disk', '2560x1440');
insert into Movie_copies (movie_id, format, resolution) values (30, 'DVD', '2560x1440');
insert into Movie_copies (movie_id, format, resolution) values (20, 'Blue Ray', '800x500');
insert into Movie_copies (movie_id, format, resolution) values (45, 'USB', '1920x1080');
insert into Movie_copies (movie_id, format, resolution) values (65, 'Blue Ray', '1600x900');
insert into Movie_copies (movie_id, format, resolution) values (62, 'VHS', '800x500');
insert into Movie_copies (movie_id, format, resolution) values (9, 'VHS', '800x500');
insert into Movie_copies (movie_id, format, resolution) values (60, 'USB', '1600x900');
insert into Movie_copies (movie_id, format, resolution) values (33, 'VHS', '800x500');
insert into Movie_copies (movie_id, format, resolution) values (64, 'Blue Ray', '1600x900');
insert into Movie_copies (movie_id, format, resolution) values (28, 'VHS', '2560x1440');
insert into Movie_copies (movie_id, format, resolution) values (34, 'Blue Ray', '1600x900');
insert into Movie_copies (movie_id, format, resolution) values (1, 'Blue Ray', '1920x1080');
insert into Movie_copies (movie_id, format, resolution) values (43, 'Blue Ray', '1600x900');
insert into Movie_copies (movie_id, format, resolution) values (35, 'VHS', '1600x900');
insert into Movie_copies (movie_id, format, resolution) values (4, 'Blue Ray', '800x500');
insert into Movie_copies (movie_id, format, resolution) values (66, 'Lazer Disk', '2560x1440');
insert into Movie_copies (movie_id, format, resolution) values (46, 'DVD', '2560x1440');
insert into Movie_copies (movie_id, format, resolution) values (12, 'Blue Ray', '1600x900');
insert into Movie_copies (movie_id, format, resolution) values (24, 'VHS', '2560x1440');
insert into Movie_copies (movie_id, format, resolution) values (43, 'VHS', '1600x900');
insert into Movie_copies (movie_id, format, resolution) values (52, 'Blue Ray', '1920x1080');
insert into Movie_copies (movie_id, format, resolution) values (59, 'USB', '2560x1440');
insert into Movie_copies (movie_id, format, resolution) values (18, 'VHS', '1600x900');
insert into Movie_copies (movie_id, format, resolution) values (43, 'Blue Ray', '1920x1080');
insert into Movie_copies (movie_id, format, resolution) values (4, 'VHS', '1600x900');
insert into Movie_copies (movie_id, format, resolution) values (9, 'DVD', '2560x1440');
insert into Movie_copies (movie_id, format, resolution) values (22, 'Lazer Disk', '2560x1440');
insert into Movie_copies (movie_id, format, resolution) values (62, 'VHS', '2560x1440');
insert into Movie_copies (movie_id, format, resolution) values (44, 'VHS', '1600x900');
insert into Movie_copies (movie_id, format, resolution) values (38, 'Blue Ray', '800x500');
insert into Movie_copies (movie_id, format, resolution) values (50, 'DVD', '1920x1080');
insert into Movie_copies (movie_id, format, resolution) values (32, 'DVD', '1920x1080');
insert into Movie_copies (movie_id, format, resolution) values (70, 'Blue Ray', '2560x1440');
insert into Movie_copies (movie_id, format, resolution) values (42, 'VHS', '2560x1440');
insert into Movie_copies (movie_id, format, resolution) values (43, 'VHS', '2560x1440');
insert into Movie_copies (movie_id, format, resolution) values (67, 'Lazer Disk', '800x500');
insert into Movie_copies (movie_id, format, resolution) values (66, 'USB', '1920x1080');
insert into Movie_copies (movie_id, format, resolution) values (64, 'USB', '1600x900');
insert into Movie_copies (movie_id, format, resolution) values (69, 'USB', '800x500');
insert into Movie_copies (movie_id, format, resolution) values (69, 'DVD', '800x500');
insert into Movie_copies (movie_id, format, resolution) values (51, 'Blue Ray', '1920x1080');
insert into Movie_copies (movie_id, format, resolution) values (62, 'VHS', '1920x1080');
insert into Movie_copies (movie_id, format, resolution) values (8, 'DVD', '2560x1440');
insert into Movie_copies (movie_id, format, resolution) values (16, 'Lazer Disk', '1920x1080');
insert into Movie_copies (movie_id, format, resolution) values (27, 'USB', '1600x900');
insert into Movie_copies (movie_id, format, resolution) values (1, 'Blue Ray', '800x500');
insert into Movie_copies (movie_id, format, resolution) values (12, 'USB', '1600x900');
insert into Movie_copies (movie_id, format, resolution) values (56, 'Lazer Disk', '2560x1440');
insert into Movie_copies (movie_id, format, resolution) values (35, 'USB', '800x500');
insert into Movie_copies (movie_id, format, resolution) values (23, 'DVD', '800x500');
insert into Movie_copies (movie_id, format, resolution) values (58, 'DVD', '1920x1080');
insert into Movie_copies (movie_id, format, resolution) values (4, 'Lazer Disk', '800x500');
insert into Movie_copies (movie_id, format, resolution) values (65, 'Lazer Disk', '800x500');
insert into Movie_copies (movie_id, format, resolution) values (51, 'VHS', '800x500');
insert into Movie_copies (movie_id, format, resolution) values (21, 'DVD', '1600x900');
insert into Movie_copies (movie_id, format, resolution) values (23, 'USB', '2560x1440');
insert into Movie_copies (movie_id, format, resolution) values (61, 'Blue Ray', '1600x900');
insert into Movie_copies (movie_id, format, resolution) values (21, 'DVD', '1600x900');
insert into Movie_copies (movie_id, format, resolution) values (59, 'DVD', '1600x900');
insert into Movie_copies (movie_id, format, resolution) values (27, 'VHS', '800x500');
insert into Movie_copies (movie_id, format, resolution) values (29, 'VHS', '800x500');
insert into Movie_copies (movie_id, format, resolution) values (41, 'USB', '800x500');
insert into Movie_copies (movie_id, format, resolution) values (58, 'USB', '1920x1080');
insert into Movie_copies (movie_id, format, resolution) values (51, 'USB', '1600x900');
insert into Movie_copies (movie_id, format, resolution) values (39, 'USB', '800x500');
insert into Movie_copies (movie_id, format, resolution) values (41, 'USB', '1920x1080');
insert into Movie_copies (movie_id, format, resolution) values (16, 'Lazer Disk', '2560x1440');
insert into Movie_copies (movie_id, format, resolution) values (41, 'DVD', '1920x1080');
insert into Movie_copies (movie_id, format, resolution) values (64, 'DVD', '1920x1080');
insert into Movie_copies (movie_id, format, resolution) values (32, 'USB', '800x500');
insert into Movie_copies (movie_id, format, resolution) values (14, 'DVD', '1600x900');
insert into Movie_copies (movie_id, format, resolution) values (17, 'Blue Ray', '1920x1080');
insert into Movie_copies (movie_id, format, resolution) values (17, 'Lazer Disk', '1920x1080');
insert into Movie_copies (movie_id, format, resolution) values (62, 'USB', '1600x900');
insert into Movie_copies (movie_id, format, resolution) values (26, 'USB', '1920x1080');
insert into Movie_copies (movie_id, format, resolution) values (67, 'VHS', '1600x900');
insert into Movie_copies (movie_id, format, resolution) values (6, 'USB', '800x500');
insert into Movie_copies (movie_id, format, resolution) values (7, 'Lazer Disk', '2560x1440');
insert into Movie_copies (movie_id, format, resolution) values (13, 'USB', '800x500');
insert into Movie_copies (movie_id, format, resolution) values (49, 'Blue Ray', '800x500');
insert into Movie_copies (movie_id, format, resolution) values (25, 'USB', '1600x900');
insert into Movie_copies (movie_id, format, resolution) values (58, 'VHS', '2560x1440');
insert into Movie_copies (movie_id, format, resolution) values (7, 'DVD', '1600x900');
insert into Movie_copies (movie_id, format, resolution) values (22, 'USB', '1920x1080');
insert into Movie_copies (movie_id, format, resolution) values (35, 'USB', '2560x1440');
insert into Movie_copies (movie_id, format, resolution) values (8, 'DVD', '1920x1080');
insert into Movie_copies (movie_id, format, resolution) values (61, 'VHS', '2560x1440');
insert into Movie_copies (movie_id, format, resolution) values (24, 'USB', '1600x900');
insert into Movie_copies (movie_id, format, resolution) values (15, 'Lazer Disk', '2560x1440');
insert into Movie_copies (movie_id, format, resolution) values (45, 'DVD', '2560x1440');
insert into Movie_copies (movie_id, format, resolution) values (20, 'Blue Ray', '1600x900');
insert into Movie_copies (movie_id, format, resolution) values (26, 'Lazer Disk', '2560x1440');
insert into Movie_copies (movie_id, format, resolution) values (26, 'Lazer Disk', '2560x1440');
insert into Movie_copies (movie_id, format, resolution) values (2, 'Lazer Disk', '1920x1080');
insert into Movie_copies (movie_id, format, resolution) values (49, 'Lazer Disk', '2560x1440');
insert into Movie_copies (movie_id, format, resolution) values (10, 'Lazer Disk', '2560x1440');
insert into Movie_copies (movie_id, format, resolution) values (53, 'DVD', '1600x900');
insert into Movie_copies (movie_id, format, resolution) values (39, 'Blue Ray', '2560x1440');
insert into Movie_copies (movie_id, format, resolution) values (35, 'Lazer Disk', '800x500');
insert into Movie_copies (movie_id, format, resolution) values (42, 'USB', '2560x1440');
insert into Movie_copies (movie_id, format, resolution) values (44, 'Lazer Disk', '1600x900');
insert into Movie_copies (movie_id, format, resolution) values (31, 'Lazer Disk', '1920x1080');
insert into Movie_copies (movie_id, format, resolution) values (7, 'DVD', '2560x1440');
insert into Movie_copies (movie_id, format, resolution) values (9, 'Lazer Disk', '2560x1440');
insert into Movie_copies (movie_id, format, resolution) values (20, 'VHS', '800x500');
insert into Movie_copies (movie_id, format, resolution) values (20, 'USB', '800x500');
insert into Movie_copies (movie_id, format, resolution) values (48, 'Lazer Disk', '2560x1440');
insert into Movie_copies (movie_id, format, resolution) values (31, 'Lazer Disk', '2560x1440');
insert into Movie_copies (movie_id, format, resolution) values (21, 'VHS', '800x500');
insert into Movie_copies (movie_id, format, resolution) values (58, 'Blue Ray', '1600x900');
insert into Movie_copies (movie_id, format, resolution) values (67, 'Blue Ray', '800x500');
insert into Movie_copies (movie_id, format, resolution) values (36, 'Lazer Disk', '800x500');
insert into Movie_copies (movie_id, format, resolution) values (8, 'Lazer Disk', '1600x900');
insert into Movie_copies (movie_id, format, resolution) values (55, 'DVD', '2560x1440');
insert into Movie_copies (movie_id, format, resolution) values (47, 'VHS', '1920x1080');
insert into Movie_copies (movie_id, format, resolution) values (3, 'USB', '2560x1440');
insert into Movie_copies (movie_id, format, resolution) values (43, 'Blue Ray', '800x500');
insert into Movie_copies (movie_id, format, resolution) values (36, 'USB', '1920x1080');
insert into Movie_copies (movie_id, format, resolution) values (32, 'DVD', '1920x1080');
insert into Movie_copies (movie_id, format, resolution) values (65, 'USB', '1920x1080');
insert into Movie_copies (movie_id, format, resolution) values (20, 'VHS', '800x500');
insert into Movie_copies (movie_id, format, resolution) values (5, 'Lazer Disk', '2560x1440');
insert into Movie_copies (movie_id, format, resolution) values (50, 'Lazer Disk', '800x500');
insert into Movie_copies (movie_id, format, resolution) values (25, 'VHS', '1600x900');
insert into Movie_copies (movie_id, format, resolution) values (69, 'DVD', '1600x900');
insert into Movie_copies (movie_id, format, resolution) values (8, 'Blue Ray', '1600x900');
insert into Movie_copies (movie_id, format, resolution) values (4, 'DVD', '2560x1440');
insert into Movie_copies (movie_id, format, resolution) values (6, 'USB', '800x500');
insert into Movie_copies (movie_id, format, resolution) values (50, 'Lazer Disk', '1600x900');
insert into Movie_copies (movie_id, format, resolution) values (3, 'DVD', '1920x1080');
insert into Movie_copies (movie_id, format, resolution) values (15, 'Lazer Disk', '2560x1440');
insert into Movie_copies (movie_id, format, resolution) values (18, 'DVD', '1920x1080');
insert into Movie_copies (movie_id, format, resolution) values (38, 'VHS', '1920x1080');
insert into Movie_copies (movie_id, format, resolution) values (24, 'Blue Ray', '800x500');
insert into Movie_copies (movie_id, format, resolution) values (34, 'VHS', '2560x1440');
insert into Movie_copies (movie_id, format, resolution) values (63, 'VHS', '1600x900');
insert into Movie_copies (movie_id, format, resolution) values (52, 'DVD', '800x500');
insert into Movie_copies (movie_id, format, resolution) values (10, 'Lazer Disk', '1920x1080');
insert into Movie_copies (movie_id, format, resolution) values (19, 'Blue Ray', '1920x1080');
insert into Movie_copies (movie_id, format, resolution) values (8, 'Blue Ray', '1920x1080');
insert into Movie_copies (movie_id, format, resolution) values (67, 'DVD', '2560x1440');
insert into Movie_copies (movie_id, format, resolution) values (25, 'DVD', '2560x1440');
insert into Movie_copies (movie_id, format, resolution) values (15, 'Blue Ray', '2560x1440');
insert into Movie_copies (movie_id, format, resolution) values (9, 'USB', '2560x1440');
insert into Movie_copies (movie_id, format, resolution) values (28, 'USB', '800x500');
insert into Movie_copies (movie_id, format, resolution) values (57, 'Blue Ray', '2560x1440');
insert into Movie_copies (movie_id, format, resolution) values (11, 'Blue Ray', '2560x1440');
insert into Movie_copies (movie_id, format, resolution) values (69, 'DVD', '2560x1440');
insert into Movie_copies (movie_id, format, resolution) values (9, 'VHS', '1600x900');
insert into Movie_copies (movie_id, format, resolution) values (18, 'USB', '2560x1440');
insert into Movie_copies (movie_id, format, resolution) values (53, 'DVD', '800x500');
insert into Movie_copies (movie_id, format, resolution) values (65, 'Lazer Disk', '800x500');
insert into Movie_copies (movie_id, format, resolution) values (19, 'Blue Ray', '800x500');
insert into Movie_copies (movie_id, format, resolution) values (4, 'Lazer Disk', '2560x1440');
insert into Movie_copies (movie_id, format, resolution) values (46, 'VHS', '1600x900');
insert into Movie_copies (movie_id, format, resolution) values (9, 'DVD', '2560x1440');
insert into Movie_copies (movie_id, format, resolution) values (62, 'Lazer Disk', '2560x1440');
insert into Movie_copies (movie_id, format, resolution) values (58, 'DVD', '1600x900');
insert into Movie_copies (movie_id, format, resolution) values (20, 'Blue Ray', '1920x1080');
insert into Movie_copies (movie_id, format, resolution) values (50, 'Blue Ray', '800x500');
insert into Movie_copies (movie_id, format, resolution) values (48, 'DVD', '2560x1440');
insert into Movie_copies (movie_id, format, resolution) values (60, 'Lazer Disk', '1600x900');
insert into Movie_copies (movie_id, format, resolution) values (54, 'USB', '1600x900');
insert into Movie_copies (movie_id, format, resolution) values (9, 'DVD', '800x500');
insert into Movie_copies (movie_id, format, resolution) values (54, 'DVD', '1600x900');
insert into Movie_copies (movie_id, format, resolution) values (6, 'Blue Ray', '1920x1080');
insert into Movie_copies (movie_id, format, resolution) values (63, 'Blue Ray', '800x500');
insert into Movie_copies (movie_id, format, resolution) values (28, 'VHS', '2560x1440');
insert into Movie_copies (movie_id, format, resolution) values (3, 'USB', '1600x900');
insert into Movie_copies (movie_id, format, resolution) values (40, 'VHS', '1600x900');
insert into Movie_copies (movie_id, format, resolution) values (67, 'DVD', '1600x900');
insert into Movie_copies (movie_id, format, resolution) values (13, 'DVD', '2560x1440');
insert into Movie_copies (movie_id, format, resolution) values (5, 'Blue Ray', '1600x900');
insert into Movie_copies (movie_id, format, resolution) values (8, 'DVD', '1600x900');
insert into Movie_copies (movie_id, format, resolution) values (58, 'VHS', '1920x1080');
insert into Movie_copies (movie_id, format, resolution) values (41, 'DVD', '1600x900');
insert into Movie_copies (movie_id, format, resolution) values (5, 'VHS', '1920x1080');
insert into Movie_copies (movie_id, format, resolution) values (2, 'Blue Ray', '800x500');
insert into Movie_copies (movie_id, format, resolution) values (42, 'DVD', '800x500');
insert into Movie_copies (movie_id, format, resolution) values (30, 'USB', '1920x1080');
insert into Movie_copies (movie_id, format, resolution) values (42, 'Lazer Disk', '800x500');
insert into Movie_copies (movie_id, format, resolution) values (45, 'USB', '1920x1080');
insert into Movie_copies (movie_id, format, resolution) values (31, 'USB', '800x500');
insert into Movie_copies (movie_id, format, resolution) values (10, 'Lazer Disk', '800x500');
insert into Movie_copies (movie_id, format, resolution) values (27, 'USB', '800x500');
insert into Movie_copies (movie_id, format, resolution) values (70, 'DVD', '2560x1440');
insert into Movie_copies (movie_id, format, resolution) values (33, 'VHS', '800x500');
insert into Movie_copies (movie_id, format, resolution) values (58, 'Lazer Disk', '1600x900');
insert into Movie_copies (movie_id, format, resolution) values (22, 'Lazer Disk', '800x500');
insert into Movie_copies (movie_id, format, resolution) values (38, 'Blue Ray', '1920x1080');
insert into Movie_copies (movie_id, format, resolution) values (45, 'DVD', '2560x1440');
insert into Movie_copies (movie_id, format, resolution) values (16, 'VHS', '1920x1080');
insert into Movie_copies (movie_id, format, resolution) values (1, 'VHS', '1920x1080');
insert into Movie_copies (movie_id, format, resolution) values (40, 'VHS', '1920x1080');
insert into Movie_copies (movie_id, format, resolution) values (39, 'USB', '1600x900');
insert into Movie_copies (movie_id, format, resolution) values (3, 'Lazer Disk', '1600x900');
insert into Movie_copies (movie_id, format, resolution) values (32, 'Lazer Disk', '1600x900');
insert into Movie_copies (movie_id, format, resolution) values (62, 'Blue Ray', '1600x900');
insert into Movie_copies (movie_id, format, resolution) values (22, 'Blue Ray', '1600x900');
insert into Movie_copies (movie_id, format, resolution) values (70, 'VHS', '1600x900');
insert into Movie_copies (movie_id, format, resolution) values (55, 'Blue Ray', '1920x1080');
insert into Movie_copies (movie_id, format, resolution) values (42, 'USB', '1600x900');
insert into Movie_copies (movie_id, format, resolution) values (27, 'Blue Ray', '1920x1080');
insert into Movie_copies (movie_id, format, resolution) values (45, 'Blue Ray', '800x500');
insert into Movie_copies (movie_id, format, resolution) values (54, 'USB', '1600x900');
insert into Movie_copies (movie_id, format, resolution) values (64, 'USB', '1600x900');
insert into Movie_copies (movie_id, format, resolution) values (12, 'VHS', '1920x1080');
insert into Movie_copies (movie_id, format, resolution) values (56, 'DVD', '1600x900');
insert into Movie_copies (movie_id, format, resolution) values (60, 'VHS', '1920x1080');
insert into Movie_copies (movie_id, format, resolution) values (53, 'Blue Ray', '1920x1080');
insert into Movie_copies (movie_id, format, resolution) values (4, 'VHS', '1600x900');
insert into Movie_copies (movie_id, format, resolution) values (50, 'DVD', '2560x1440');
insert into Movie_copies (movie_id, format, resolution) values (10, 'Blue Ray', '1600x900');
insert into Movie_copies (movie_id, format, resolution) values (56, 'Blue Ray', '1920x1080');
insert into Movie_copies (movie_id, format, resolution) values (30, 'Lazer Disk', '2560x1440');
insert into Movie_copies (movie_id, format, resolution) values (9, 'Blue Ray', '2560x1440');
insert into Movie_copies (movie_id, format, resolution) values (44, 'Lazer Disk', '800x500');
insert into Movie_copies (movie_id, format, resolution) values (14, 'Lazer Disk', '1600x900');
insert into Movie_copies (movie_id, format, resolution) values (45, 'Lazer Disk', '800x500');
insert into Movie_copies (movie_id, format, resolution) values (55, 'Blue Ray', '1600x900');
insert into Movie_copies (movie_id, format, resolution) values (13, 'Blue Ray', '800x500');
insert into Movie_copies (movie_id, format, resolution) values (11, 'Lazer Disk', '1600x900');
insert into Movie_copies (movie_id, format, resolution) values (2, 'Blue Ray', '1920x1080');
insert into Movie_copies (movie_id, format, resolution) values (21, 'DVD', '800x500');
insert into Movie_copies (movie_id, format, resolution) values (67, 'Blue Ray', '2560x1440');
insert into Movie_copies (movie_id, format, resolution) values (42, 'VHS', '800x500');
insert into Movie_copies (movie_id, format, resolution) values (61, 'VHS', '2560x1440');
insert into Movie_copies (movie_id, format, resolution) values (38, 'USB', '2560x1440');
insert into Movie_copies (movie_id, format, resolution) values (57, 'VHS', '800x500');
insert into Movie_copies (movie_id, format, resolution) values (8, 'USB', '1920x1080');
insert into Movie_copies (movie_id, format, resolution) values (18, 'VHS', '2560x1440');
insert into Movie_copies (movie_id, format, resolution) values (63, 'Lazer Disk', '2560x1440');
insert into Movie_copies (movie_id, format, resolution) values (8, 'DVD', '1920x1080');
insert into Movie_copies (movie_id, format, resolution) values (11, 'USB', '800x500');
insert into Movie_copies (movie_id, format, resolution) values (57, 'USB', '1600x900');
insert into Movie_copies (movie_id, format, resolution) values (70, 'Blue Ray', '800x500');
insert into Movie_copies (movie_id, format, resolution) values (70, 'USB', '1600x900');
insert into Movie_copies (movie_id, format, resolution) values (39, 'Lazer Disk', '800x500');
insert into Movie_copies (movie_id, format, resolution) values (65, 'VHS', '2560x1440');
insert into Movie_copies (movie_id, format, resolution) values (7, 'Blue Ray', '2560x1440');
insert into Movie_copies (movie_id, format, resolution) values (16, 'DVD', '2560x1440');
insert into Movie_copies (movie_id, format, resolution) values (41, 'DVD', '2560x1440');
insert into Movie_copies (movie_id, format, resolution) values (13, 'VHS', '1600x900');
insert into Movie_copies (movie_id, format, resolution) values (17, 'DVD', '1600x900');
insert into Movie_copies (movie_id, format, resolution) values (26, 'USB', '1600x900');
insert into Movie_copies (movie_id, format, resolution) values (25, 'DVD', '1600x900');
insert into Movie_copies (movie_id, format, resolution) values (41, 'USB', '1600x900');
insert into Movie_copies (movie_id, format, resolution) values (33, 'VHS', '800x500');
insert into Movie_copies (movie_id, format, resolution) values (39, 'Blue Ray', '1920x1080');
insert into Movie_copies (movie_id, format, resolution) values (31, 'USB', '800x500');
insert into Movie_copies (movie_id, format, resolution) values (42, 'USB', '2560x1440');
insert into Movie_copies (movie_id, format, resolution) values (37, 'Blue Ray', '2560x1440');
insert into Movie_copies (movie_id, format, resolution) values (25, 'USB', '1920x1080');
insert into Movie_copies (movie_id, format, resolution) values (38, 'USB', '1920x1080');
insert into Movie_copies (movie_id, format, resolution) values (23, 'Blue Ray', '2560x1440');
insert into Movie_copies (movie_id, format, resolution) values (30, 'Blue Ray', '2560x1440');
insert into Movie_copies (movie_id, format, resolution) values (14, 'VHS', '1920x1080');
insert into Movie_copies (movie_id, format, resolution) values (58, 'VHS', '800x500');
insert into Movie_copies (movie_id, format, resolution) values (63, 'USB', '1920x1080');
insert into Movie_copies (movie_id, format, resolution) values (47, 'Lazer Disk', '800x500');
insert into Movie_copies (movie_id, format, resolution) values (5, 'USB', '2560x1440');
insert into Movie_copies (movie_id, format, resolution) values (7, 'DVD', '2560x1440');
insert into Movie_copies (movie_id, format, resolution) values (64, 'Lazer Disk', '1920x1080');
insert into Movie_copies (movie_id, format, resolution) values (55, 'Blue Ray', '1920x1080');
insert into Movie_copies (movie_id, format, resolution) values (49, 'VHS', '1600x900');
insert into Movie_copies (movie_id, format, resolution) values (20, 'Blue Ray', '1600x900');
insert into Movie_copies (movie_id, format, resolution) values (12, 'DVD', '800x500');
insert into Movie_copies (movie_id, format, resolution) values (21, 'DVD', '1920x1080');
insert into Movie_copies (movie_id, format, resolution) values (58, 'DVD', '2560x1440');
insert into Movie_copies (movie_id, format, resolution) values (69, 'Blue Ray', '1600x900');
insert into Movie_copies (movie_id, format, resolution) values (66, 'VHS', '2560x1440');
insert into Movie_copies (movie_id, format, resolution) values (66, 'USB', '800x500');
insert into Movie_copies (movie_id, format, resolution) values (46, 'USB', '1600x900');
insert into Movie_copies (movie_id, format, resolution) values (3, 'VHS', '2560x1440');
insert into Movie_copies (movie_id, format, resolution) values (3, 'Lazer Disk', '2560x1440');
insert into Movie_copies (movie_id, format, resolution) values (20, 'VHS', '1600x900');
insert into Movie_copies (movie_id, format, resolution) values (62, 'VHS', '1600x900');
insert into Movie_copies (movie_id, format, resolution) values (33, 'DVD', '800x500');
insert into Movie_copies (movie_id, format, resolution) values (69, 'Lazer Disk', '1600x900');
insert into Movie_copies (movie_id, format, resolution) values (24, 'VHS', '1600x900');
insert into Movie_copies (movie_id, format, resolution) values (24, 'Blue Ray', '1600x900');
insert into Movie_copies (movie_id, format, resolution) values (60, 'USB', '800x500');
insert into Movie_copies (movie_id, format, resolution) values (16, 'Blue Ray', '1600x900');
insert into Movie_copies (movie_id, format, resolution) values (51, 'USB', '1920x1080');
insert into Movie_copies (movie_id, format, resolution) values (41, 'Lazer Disk', '1600x900');
insert into Movie_copies (movie_id, format, resolution) values (44, 'Lazer Disk', '1920x1080');
insert into Movie_copies (movie_id, format, resolution) values (66, 'DVD', '800x500');
insert into Movie_copies (movie_id, format, resolution) values (25, 'DVD', '1920x1080');
insert into Movie_copies (movie_id, format, resolution) values (65, 'Blue Ray', '1920x1080');
insert into Movie_copies (movie_id, format, resolution) values (60, 'DVD', '800x500');
insert into Movie_copies (movie_id, format, resolution) values (24, 'USB', '1600x900');
insert into Movie_copies (movie_id, format, resolution) values (23, 'Lazer Disk', '1920x1080');
insert into Movie_copies (movie_id, format, resolution) values (52, 'VHS', '1600x900');
insert into Movie_copies (movie_id, format, resolution) values (56, 'USB', '2560x1440');
insert into Movie_copies (movie_id, format, resolution) values (3, 'DVD', '1600x900');
insert into Movie_copies (movie_id, format, resolution) values (29, 'USB', '1920x1080');
insert into Movie_copies (movie_id, format, resolution) values (44, 'DVD', '800x500');
insert into Movie_copies (movie_id, format, resolution) values (11, 'VHS', '1920x1080');
insert into Movie_copies (movie_id, format, resolution) values (19, 'Blue Ray', '2560x1440');
insert into Movie_copies (movie_id, format, resolution) values (9, 'DVD', '1600x900');
insert into Movie_copies (movie_id, format, resolution) values (40, 'DVD', '1600x900');
insert into Movie_copies (movie_id, format, resolution) values (69, 'VHS', '2560x1440');
insert into Movie_copies (movie_id, format, resolution) values (32, 'Blue Ray', '1920x1080');
insert into Movie_copies (movie_id, format, resolution) values (11, 'DVD', '1920x1080');
insert into Movie_copies (movie_id, format, resolution) values (62, 'VHS', '800x500');
insert into Movie_copies (movie_id, format, resolution) values (53, 'DVD', '1600x900');
insert into Movie_copies (movie_id, format, resolution) values (32, 'Blue Ray', '2560x1440');
insert into Movie_copies (movie_id, format, resolution) values (54, 'VHS', '2560x1440');
insert into Movie_copies (movie_id, format, resolution) values (42, 'USB', '800x500');
insert into Movie_copies (movie_id, format, resolution) values (28, 'USB', '2560x1440');
insert into Movie_copies (movie_id, format, resolution) values (26, 'USB', '1600x900');
insert into Movie_copies (movie_id, format, resolution) values (24, 'Lazer Disk', '2560x1440');
insert into Movie_copies (movie_id, format, resolution) values (54, 'Lazer Disk', '1600x900');
insert into Movie_copies (movie_id, format, resolution) values (43, 'Blue Ray', '1920x1080');
insert into Movie_copies (movie_id, format, resolution) values (70, 'VHS', '2560x1440');
insert into Movie_copies (movie_id, format, resolution) values (65, 'Lazer Disk', '2560x1440');
insert into Movie_copies (movie_id, format, resolution) values (39, 'USB', '1600x900');
insert into Movie_copies (movie_id, format, resolution) values (40, 'DVD', '1600x900');
insert into Movie_copies (movie_id, format, resolution) values (58, 'VHS', '1600x900');
insert into Movie_copies (movie_id, format, resolution) values (51, 'USB', '1920x1080');
insert into Movie_copies (movie_id, format, resolution) values (5, 'DVD', '1920x1080');
insert into Movie_copies (movie_id, format, resolution) values (8, 'DVD', '1920x1080');
insert into Movie_copies (movie_id, format, resolution) values (50, 'Blue Ray', '1920x1080');
insert into Movie_copies (movie_id, format, resolution) values (10, 'Blue Ray', '2560x1440');
insert into Movie_copies (movie_id, format, resolution) values (46, 'Blue Ray', '2560x1440');
insert into Movie_copies (movie_id, format, resolution) values (5, 'VHS', '1600x900');
insert into Movie_copies (movie_id, format, resolution) values (36, 'Lazer Disk', '1920x1080');
insert into Movie_copies (movie_id, format, resolution) values (40, 'DVD', '1920x1080');
insert into Movie_copies (movie_id, format, resolution) values (60, 'VHS', '1600x900');
insert into Movie_copies (movie_id, format, resolution) values (6, 'DVD', '2560x1440');
insert into Movie_copies (movie_id, format, resolution) values (49, 'USB', '2560x1440');
insert into Movie_copies (movie_id, format, resolution) values (1, 'Lazer Disk', '1920x1080');
insert into Movie_copies (movie_id, format, resolution) values (55, 'VHS', '1600x900');
insert into Movie_copies (movie_id, format, resolution) values (50, 'DVD', '1600x900');
insert into Movie_copies (movie_id, format, resolution) values (3, 'Lazer Disk', '2560x1440');
insert into Movie_copies (movie_id, format, resolution) values (27, 'USB', '1920x1080');
insert into Movie_copies (movie_id, format, resolution) values (23, 'USB', '1600x900');
insert into Movie_copies (movie_id, format, resolution) values (61, 'USB', '2560x1440');
insert into Movie_copies (movie_id, format, resolution) values (58, 'Lazer Disk', '1920x1080');
insert into Movie_copies (movie_id, format, resolution) values (50, 'DVD', '1600x900');
insert into Movie_copies (movie_id, format, resolution) values (63, 'VHS', '2560x1440');
insert into Movie_copies (movie_id, format, resolution) values (16, 'VHS', '1920x1080');
insert into Movie_copies (movie_id, format, resolution) values (53, 'DVD', '2560x1440');
insert into Movie_copies (movie_id, format, resolution) values (12, 'Lazer Disk', '2560x1440');
insert into Movie_copies (movie_id, format, resolution) values (21, 'USB', '2560x1440');
insert into Movie_copies (movie_id, format, resolution) values (69, 'VHS', '2560x1440');
insert into Movie_copies (movie_id, format, resolution) values (25, 'USB', '1600x900');
insert into Movie_copies (movie_id, format, resolution) values (10, 'USB', '800x500');
insert into Movie_copies (movie_id, format, resolution) values (62, 'Blue Ray', '1920x1080');
insert into Movie_copies (movie_id, format, resolution) values (23, 'VHS', '1920x1080');
insert into Movie_copies (movie_id, format, resolution) values (37, 'Blue Ray', '2560x1440');
insert into Movie_copies (movie_id, format, resolution) values (1, 'Lazer Disk', '1920x1080');
insert into Movie_copies (movie_id, format, resolution) values (13, 'Lazer Disk', '1920x1080');
insert into Movie_copies (movie_id, format, resolution) values (26, 'Lazer Disk', '1920x1080');
insert into Movie_copies (movie_id, format, resolution) values (31, 'USB', '1600x900');
insert into Movie_copies (movie_id, format, resolution) values (8, 'VHS', '1920x1080');
insert into Movie_copies (movie_id, format, resolution) values (58, 'Blue Ray', '2560x1440');
insert into Movie_copies (movie_id, format, resolution) values (32, 'VHS', '2560x1440');
insert into Movie_copies (movie_id, format, resolution) values (49, 'Blue Ray', '800x500');
insert into Movie_copies (movie_id, format, resolution) values (46, 'USB', '800x500');
insert into Movie_copies (movie_id, format, resolution) values (68, 'DVD', '1920x1080');
insert into Movie_copies (movie_id, format, resolution) values (63, 'USB', '1920x1080');
insert into Movie_copies (movie_id, format, resolution) values (28, 'USB', '1920x1080');
insert into Movie_copies (movie_id, format, resolution) values (64, 'DVD', '1920x1080');
insert into Movie_copies (movie_id, format, resolution) values (38, 'VHS', '2560x1440');
insert into Movie_copies (movie_id, format, resolution) values (15, 'Blue Ray', '2560x1440');
insert into Movie_copies (movie_id, format, resolution) values (35, 'Blue Ray', '1920x1080');
insert into Movie_copies (movie_id, format, resolution) values (18, 'VHS', '2560x1440');
insert into Movie_copies (movie_id, format, resolution) values (19, 'VHS', '1600x900');
insert into Movie_copies (movie_id, format, resolution) values (56, 'Lazer Disk', '1600x900');
insert into Movie_copies (movie_id, format, resolution) values (7, 'DVD', '800x500');
insert into Movie_copies (movie_id, format, resolution) values (30, 'USB', '1920x1080');
insert into Movie_copies (movie_id, format, resolution) values (68, 'VHS', '1920x1080');
insert into Movie_copies (movie_id, format, resolution) values (55, 'USB', '1600x900');
insert into Movie_copies (movie_id, format, resolution) values (58, 'Blue Ray', '1600x900');
insert into Movie_copies (movie_id, format, resolution) values (13, 'Blue Ray', '2560x1440');
insert into Movie_copies (movie_id, format, resolution) values (35, 'USB', '2560x1440');
insert into Movie_copies (movie_id, format, resolution) values (25, 'Lazer Disk', '800x500');
insert into Movie_copies (movie_id, format, resolution) values (35, 'USB', '2560x1440');
insert into Movie_copies (movie_id, format, resolution) values (25, 'Lazer Disk', '1600x900');
insert into Movie_copies (movie_id, format, resolution) values (32, 'DVD', '2560x1440');
insert into Movie_copies (movie_id, format, resolution) values (47, 'DVD', '1920x1080');
insert into Movie_copies (movie_id, format, resolution) values (51, 'Blue Ray', '2560x1440');
insert into Movie_copies (movie_id, format, resolution) values (53, 'USB', '1600x900');
insert into Movie_copies (movie_id, format, resolution) values (65, 'DVD', '800x500');
insert into Movie_copies (movie_id, format, resolution) values (33, 'USB', '1600x900');
insert into Movie_copies (movie_id, format, resolution) values (7, 'DVD', '1600x900');
insert into Movie_copies (movie_id, format, resolution) values (61, 'Lazer Disk', '1600x900');
insert into Movie_copies (movie_id, format, resolution) values (25, 'Blue Ray', '1600x900');
insert into Movie_copies (movie_id, format, resolution) values (59, 'DVD', '1600x900');
insert into Movie_copies (movie_id, format, resolution) values (10, 'USB', '1920x1080');
insert into Movie_copies (movie_id, format, resolution) values (35, 'VHS', '2560x1440');
insert into Movie_copies (movie_id, format, resolution) values (6, 'VHS', '1600x900');
insert into Movie_copies (movie_id, format, resolution) values (42, 'Blue Ray', '1600x900');
insert into Movie_copies (movie_id, format, resolution) values (27, 'Blue Ray', '2560x1440');
insert into Movie_copies (movie_id, format, resolution) values (48, 'VHS', '800x500');
insert into Movie_copies (movie_id, format, resolution) values (39, 'DVD', '1920x1080');
insert into Movie_copies (movie_id, format, resolution) values (19, 'Blue Ray', '1920x1080');
insert into Movie_copies (movie_id, format, resolution) values (32, 'USB', '2560x1440');
insert into Movie_copies (movie_id, format, resolution) values (11, 'VHS', '1920x1080');
insert into Movie_copies (movie_id, format, resolution) values (24, 'Lazer Disk', '2560x1440');
insert into Movie_copies (movie_id, format, resolution) values (42, 'DVD', '1920x1080');
insert into Movie_copies (movie_id, format, resolution) values (54, 'Lazer Disk', '1920x1080');
insert into Movie_copies (movie_id, format, resolution) values (3, 'DVD', '800x500');
insert into Movie_copies (movie_id, format, resolution) values (27, 'DVD', '800x500');
insert into Movie_copies (movie_id, format, resolution) values (28, 'Blue Ray', '800x500');
insert into Movie_copies (movie_id, format, resolution) values (54, 'DVD', '1600x900');
insert into Movie_copies (movie_id, format, resolution) values (44, 'Blue Ray', '2560x1440');
insert into Movie_copies (movie_id, format, resolution) values (12, 'DVD', '2560x1440');
insert into Movie_copies (movie_id, format, resolution) values (42, 'USB', '1920x1080');
insert into Movie_copies (movie_id, format, resolution) values (51, 'Blue Ray', '1600x900');
insert into Movie_copies (movie_id, format, resolution) values (57, 'VHS', '800x500');
insert into Movie_copies (movie_id, format, resolution) values (1, 'Lazer Disk', '1600x900');
insert into Movie_copies (movie_id, format, resolution) values (57, 'VHS', '1920x1080');
insert into Movie_copies (movie_id, format, resolution) values (62, 'Lazer Disk', '2560x1440');
insert into Movie_copies (movie_id, format, resolution) values (68, 'USB', '2560x1440');
insert into Movie_copies (movie_id, format, resolution) values (21, 'DVD', '2560x1440');
insert into Movie_copies (movie_id, format, resolution) values (14, 'DVD', '1920x1080');
insert into Movie_copies (movie_id, format, resolution) values (56, 'USB', '800x500');
insert into Movie_copies (movie_id, format, resolution) values (47, 'DVD', '1920x1080');
insert into Movie_copies (movie_id, format, resolution) values (18, 'DVD', '1920x1080');
insert into Movie_copies (movie_id, format, resolution) values (25, 'Lazer Disk', '800x500');
insert into Movie_copies (movie_id, format, resolution) values (58, 'Lazer Disk', '800x500');
insert into Movie_copies (movie_id, format, resolution) values (6, 'DVD', '1600x900');
insert into Movie_copies (movie_id, format, resolution) values (44, 'USB', '2560x1440');
insert into Movie_copies (movie_id, format, resolution) values (30, 'DVD', '1920x1080');
insert into Movie_copies (movie_id, format, resolution) values (68, 'DVD', '2560x1440');
insert into Movie_copies (movie_id, format, resolution) values (1, 'USB', '1920x1080');
insert into Movie_copies (movie_id, format, resolution) values (56, 'Lazer Disk', '1920x1080');
insert into Movie_copies (movie_id, format, resolution) values (22, 'Blue Ray', '800x500');
insert into Movie_copies (movie_id, format, resolution) values (17, 'VHS', '1600x900');
insert into Movie_copies (movie_id, format, resolution) values (9, 'Blue Ray', '2560x1440');
insert into Movie_copies (movie_id, format, resolution) values (22, 'VHS', '1600x900');
insert into Movie_copies (movie_id, format, resolution) values (35, 'DVD', '1920x1080');
insert into Movie_copies (movie_id, format, resolution) values (52, 'VHS', '1600x900');
insert into Movie_copies (movie_id, format, resolution) values (32, 'DVD', '2560x1440');
insert into Movie_copies (movie_id, format, resolution) values (55, 'VHS', '1920x1080');
insert into Movie_copies (movie_id, format, resolution) values (31, 'Lazer Disk', '800x500');
insert into Movie_copies (movie_id, format, resolution) values (8, 'Blue Ray', '1600x900');
insert into Movie_copies (movie_id, format, resolution) values (30, 'USB', '800x500');
insert into Movie_copies (movie_id, format, resolution) values (63, 'USB', '2560x1440');
insert into Movie_copies (movie_id, format, resolution) values (1, 'Lazer Disk', '2560x1440');
insert into Movie_copies (movie_id, format, resolution) values (6, 'USB', '1920x1080');
insert into Movie_copies (movie_id, format, resolution) values (13, 'Blue Ray', '1600x900');
insert into Movie_copies (movie_id, format, resolution) values (44, 'DVD', '2560x1440');
insert into Movie_copies (movie_id, format, resolution) values (37, 'Blue Ray', '1920x1080');
insert into Movie_copies (movie_id, format, resolution) values (45, 'DVD', '2560x1440');
insert into Movie_copies (movie_id, format, resolution) values (57, 'VHS', '1920x1080');
insert into Movie_copies (movie_id, format, resolution) values (38, 'Lazer Disk', '1600x900');
insert into Movie_copies (movie_id, format, resolution) values (11, 'USB', '800x500');
insert into Movie_copies (movie_id, format, resolution) values (16, 'Lazer Disk', '2560x1440');
insert into Movie_copies (movie_id, format, resolution) values (54, 'USB', '2560x1440');
insert into Movie_copies (movie_id, format, resolution) values (47, 'USB', '1600x900');
insert into Movie_copies (movie_id, format, resolution) values (48, 'Lazer Disk', '1920x1080');
insert into Movie_copies (movie_id, format, resolution) values (38, 'Blue Ray', '1600x900');
insert into Movie_copies (movie_id, format, resolution) values (65, 'USB', '800x500');
insert into Movie_copies (movie_id, format, resolution) values (2, 'Lazer Disk', '800x500');
insert into Movie_copies (movie_id, format, resolution) values (17, 'Lazer Disk', '1600x900');
insert into Movie_copies (movie_id, format, resolution) values (64, 'Blue Ray', '1920x1080');
insert into Movie_copies (movie_id, format, resolution) values (59, 'Blue Ray', '1920x1080');
insert into Movie_copies (movie_id, format, resolution) values (18, 'USB', '2560x1440');
insert into Movie_copies (movie_id, format, resolution) values (41, 'DVD', '2560x1440');
insert into Movie_copies (movie_id, format, resolution) values (26, 'Blue Ray', '800x500');
insert into Movie_copies (movie_id, format, resolution) values (38, 'Lazer Disk', '800x500');
insert into Movie_copies (movie_id, format, resolution) values (54, 'USB', '2560x1440');
insert into Movie_copies (movie_id, format, resolution) values (7, 'Lazer Disk', '2560x1440');
insert into Movie_copies (movie_id, format, resolution) values (25, 'Blue Ray', '1600x900');
insert into Movie_copies (movie_id, format, resolution) values (1, 'USB', '1600x900');
insert into Movie_copies (movie_id, format, resolution) values (1, 'Blue Ray', '1600x900');
insert into Movie_copies (movie_id, format, resolution) values (52, 'Lazer Disk', '1600x900');
insert into Movie_copies (movie_id, format, resolution) values (29, 'Lazer Disk', '1920x1080');
insert into Movie_copies (movie_id, format, resolution) values (2, 'Blue Ray', '1920x1080');
insert into Movie_copies (movie_id, format, resolution) values (69, 'Blue Ray', '1920x1080');
insert into Movie_copies (movie_id, format, resolution) values (26, 'Lazer Disk', '1600x900');
insert into Movie_copies (movie_id, format, resolution) values (1, 'Lazer Disk', '1920x1080');
insert into Movie_copies (movie_id, format, resolution) values (18, 'Blue Ray', '1920x1080');
insert into Movie_copies (movie_id, format, resolution) values (30, 'USB', '1600x900');
insert into Movie_copies (movie_id, format, resolution) values (22, 'DVD', '1920x1080');
insert into Movie_copies (movie_id, format, resolution) values (59, 'USB', '1920x1080');
insert into Movie_copies (movie_id, format, resolution) values (25, 'DVD', '800x500');
insert into Movie_copies (movie_id, format, resolution) values (16, 'DVD', '1920x1080');
insert into Movie_copies (movie_id, format, resolution) values (18, 'VHS', '1920x1080');
insert into Movie_copies (movie_id, format, resolution) values (9, 'Lazer Disk', '1920x1080');
insert into Movie_copies (movie_id, format, resolution) values (36, 'Lazer Disk', '2560x1440');
insert into Movie_copies (movie_id, format, resolution) values (41, 'USB', '1920x1080');
insert into Movie_copies (movie_id, format, resolution) values (35, 'USB', '1600x900');
insert into Movie_copies (movie_id, format, resolution) values (64, 'Lazer Disk', '2560x1440');
insert into Movie_copies (movie_id, format, resolution) values (68, 'USB', '1600x900');
insert into Movie_copies (movie_id, format, resolution) values (9, 'Lazer Disk', '2560x1440');
insert into Movie_copies (movie_id, format, resolution) values (22, 'Blue Ray', '1920x1080');
insert into Movie_copies (movie_id, format, resolution) values (31, 'Lazer Disk', '800x500');
insert into Movie_copies (movie_id, format, resolution) values (23, 'DVD', '800x500');
insert into Movie_copies (movie_id, format, resolution) values (26, 'Blue Ray', '1920x1080');
insert into Movie_copies (movie_id, format, resolution) values (68, 'USB', '1920x1080');
insert into Movie_copies (movie_id, format, resolution) values (57, 'Blue Ray', '2560x1440');
insert into Movie_copies (movie_id, format, resolution) values (21, 'USB', '1600x900');
insert into Movie_copies (movie_id, format, resolution) values (42, 'VHS', '800x500');
insert into Movie_copies (movie_id, format, resolution) values (38, 'Lazer Disk', '1920x1080');
insert into Movie_copies (movie_id, format, resolution) values (23, 'Blue Ray', '1920x1080');
insert into Movie_copies (movie_id, format, resolution) values (58, 'DVD', '1920x1080');
insert into Movie_copies (movie_id, format, resolution) values (59, 'DVD', '2560x1440');
insert into Movie_copies (movie_id, format, resolution) values (45, 'VHS', '2560x1440');
insert into Movie_copies (movie_id, format, resolution) values (59, 'DVD', '2560x1440');
insert into Movie_copies (movie_id, format, resolution) values (52, 'USB', '2560x1440');
insert into Movie_copies (movie_id, format, resolution) values (4, 'Lazer Disk', '2560x1440');
insert into Movie_copies (movie_id, format, resolution) values (70, 'Lazer Disk', '800x500');
insert into Movie_copies (movie_id, format, resolution) values (25, 'VHS', '2560x1440');
insert into Movie_copies (movie_id, format, resolution) values (45, 'USB', '800x500');
insert into Movie_copies (movie_id, format, resolution) values (59, 'Lazer Disk', '800x500');
insert into Movie_copies (movie_id, format, resolution) values (28, 'DVD', '2560x1440');
insert into Movie_copies (movie_id, format, resolution) values (7, 'USB', '1600x900');
insert into Movie_copies (movie_id, format, resolution) values (63, 'Lazer Disk', '1600x900');
insert into Movie_copies (movie_id, format, resolution) values (47, 'DVD', '800x500');
insert into Movie_copies (movie_id, format, resolution) values (39, 'USB', '800x500');
insert into Movie_copies (movie_id, format, resolution) values (16, 'USB', '1600x900');
insert into Movie_copies (movie_id, format, resolution) values (47, 'Blue Ray', '1600x900');
insert into Movie_copies (movie_id, format, resolution) values (5, 'DVD', '2560x1440');
insert into Movie_copies (movie_id, format, resolution) values (39, 'VHS', '800x500');
insert into Movie_copies (movie_id, format, resolution) values (28, 'Lazer Disk', '2560x1440');
insert into Movie_copies (movie_id, format, resolution) values (27, 'VHS', '2560x1440');
insert into Movie_copies (movie_id, format, resolution) values (45, 'Lazer Disk', '1600x900');
insert into Movie_copies (movie_id, format, resolution) values (13, 'Blue Ray', '2560x1440');
insert into Movie_copies (movie_id, format, resolution) values (57, 'VHS', '1600x900');
insert into Movie_copies (movie_id, format, resolution) values (32, 'DVD', '2560x1440');
insert into Movie_copies (movie_id, format, resolution) values (29, 'Lazer Disk', '1600x900');
insert into Movie_copies (movie_id, format, resolution) values (66, 'Lazer Disk', '800x500');
insert into Movie_copies (movie_id, format, resolution) values (8, 'DVD', '2560x1440');
insert into Movie_copies (movie_id, format, resolution) values (61, 'Lazer Disk', '1920x1080');
insert into Movie_copies (movie_id, format, resolution) values (62, 'DVD', '2560x1440');
insert into Movie_copies (movie_id, format, resolution) values (19, 'VHS', '1600x900');
insert into Movie_copies (movie_id, format, resolution) values (21, 'VHS', '2560x1440');
insert into Movie_copies (movie_id, format, resolution) values (14, 'USB', '2560x1440');
insert into Movie_copies (movie_id, format, resolution) values (9, 'DVD', '2560x1440');
insert into Movie_copies (movie_id, format, resolution) values (24, 'Lazer Disk', '1600x900');
insert into Movie_copies (movie_id, format, resolution) values (1, 'Blue Ray', '2560x1440');
insert into Movie_copies (movie_id, format, resolution) values (67, 'USB', '2560x1440');
insert into Movie_copies (movie_id, format, resolution) values (36, 'Lazer Disk', '2560x1440');
insert into Movie_copies (movie_id, format, resolution) values (4, 'Blue Ray', '2560x1440');
insert into Movie_copies (movie_id, format, resolution) values (11, 'DVD', '2560x1440');

insert into Plans (plan_number, max_concurrent, max_monthly, cost) values (1, 1, 2, 10);
insert into Plans (plan_number, max_concurrent, max_monthly, cost) values (2, 1, 0, 15);
insert into Plans (plan_number, max_concurrent, max_monthly, cost) values (3, 2, 0, 20);
insert into Plans (plan_number, max_concurrent, max_monthly, cost) values (4, 3, 0, 25);

insert into Employees (social_insurance_number, first_name, last_name, address, city, state, zip_code, telephone, start_date, hourly_rate) values ('658-61-3868', 'Margette', 'Veryan', '87 Debs Junction', 'Virginia Beach', 'Virginia', '23464', '757-634-9319', '2022-08-05', 47.55);
insert into Employees (social_insurance_number, first_name, last_name, address, city, state, zip_code, telephone, start_date, hourly_rate) values ('202-74-8298', 'Micky', 'Bemwell', '15406 Kingsford Drive', 'Boston', 'Massachusetts', '02283', '978-631-1207', '2021-12-15', 60.74);
insert into Employees (social_insurance_number, first_name, last_name, address, city, state, zip_code, telephone, start_date, hourly_rate) values ('356-31-0547', 'Burr', 'Cardinal', '34 Starling Court', 'New York City', 'New York', '10115', '212-379-0748', '2022-11-02', 78.48);
insert into Employees (social_insurance_number, first_name, last_name, address, city, state, zip_code, telephone, start_date, hourly_rate) values ('139-24-1556', 'Maren', 'Proudlock', '34358 Oak Way', 'Dallas', 'Texas', '75367', '214-932-9021', '2022-07-28', 13.28);
insert into Employees (social_insurance_number, first_name, last_name, address, city, state, zip_code, telephone, start_date, hourly_rate) values ('530-81-0280', 'Bendite', 'Simmig', '9 Badeau Terrace', 'Carlsbad', 'California', '92013', '760-516-2641', '2022-08-27', 79.21);
insert into Employees (social_insurance_number, first_name, last_name, address, city, state, zip_code, telephone, start_date, hourly_rate) values ('457-18-1331', 'Chet', 'Grigori', '2 Coolidge Lane', 'Torrance', 'California', '90510', '818-840-3139', '2022-07-13', 53.51);
insert into Employees (social_insurance_number, first_name, last_name, address, city, state, zip_code, telephone, start_date, hourly_rate) values ('350-90-1971', 'Thurston', 'Southwick', '3669 Packers Point', 'Concord', 'California', '94522', '925-203-5773', '2022-02-17', 77.14);
insert into Employees (social_insurance_number, first_name, last_name, address, city, state, zip_code, telephone, start_date, hourly_rate) values ('485-65-7373', 'Rois', 'Gorini', '28 Heath Way', 'Green Bay', 'Wisconsin', '54305', '920-966-2150', '2022-08-01', 75.97);
insert into Employees (social_insurance_number, first_name, last_name, address, city, state, zip_code, telephone, start_date, hourly_rate) values ('560-54-4910', 'Dennet', 'Hundey', '89 Leroy Drive', 'Richmond', 'Virginia', '23277', '804-445-8864', '2022-02-04', 37.46);
insert into Employees (social_insurance_number, first_name, last_name, address, city, state, zip_code, telephone, start_date, hourly_rate) values ('126-57-1081', 'Jilli', 'Rosenblum', '7 7th Way', 'Lakeland', 'Florida', '33811', '863-848-3731', '2022-09-19', 45.85);

insert into Acts_in (actor_id, movie_id) values (21, 52);
insert into Acts_in (actor_id, movie_id) values (5, 21);
insert into Acts_in (actor_id, movie_id) values (4, 44);
insert into Acts_in (actor_id, movie_id) values (9, 10);
insert into Acts_in (actor_id, movie_id) values (18, 56);
insert into Acts_in (actor_id, movie_id) values (16, 16);
insert into Acts_in (actor_id, movie_id) values (23, 59);
insert into Acts_in (actor_id, movie_id) values (9, 23);
insert into Acts_in (actor_id, movie_id) values (27, 49);
insert into Acts_in (actor_id, movie_id) values (1, 69);
insert into Acts_in (actor_id, movie_id) values (28, 4);
insert into Acts_in (actor_id, movie_id) values (37, 47);
insert into Acts_in (actor_id, movie_id) values (35, 41);
insert into Acts_in (actor_id, movie_id) values (14, 15);
insert into Acts_in (actor_id, movie_id) values (1, 24);
insert into Acts_in (actor_id, movie_id) values (33, 35);
insert into Acts_in (actor_id, movie_id) values (6, 9);
insert into Acts_in (actor_id, movie_id) values (40, 48);
insert into Acts_in (actor_id, movie_id) values (1, 62);
insert into Acts_in (actor_id, movie_id) values (40, 66);
insert into Acts_in (actor_id, movie_id) values (13, 27);
insert into Acts_in (actor_id, movie_id) values (37, 26);
insert into Acts_in (actor_id, movie_id) values (23, 8);
insert into Acts_in (actor_id, movie_id) values (30, 53);
insert into Acts_in (actor_id, movie_id) values (14, 59);
insert into Acts_in (actor_id, movie_id) values (5, 38);
insert into Acts_in (actor_id, movie_id) values (38, 5);
insert into Acts_in (actor_id, movie_id) values (14, 6);
insert into Acts_in (actor_id, movie_id) values (9, 22);
insert into Acts_in (actor_id, movie_id) values (2, 39);
insert into Acts_in (actor_id, movie_id) values (22, 51);
insert into Acts_in (actor_id, movie_id) values (27, 65);
insert into Acts_in (actor_id, movie_id) values (17, 1);
insert into Acts_in (actor_id, movie_id) values (40, 54);
insert into Acts_in (actor_id, movie_id) values (34, 18);
insert into Acts_in (actor_id, movie_id) values (15, 64);
insert into Acts_in (actor_id, movie_id) values (19, 2);
insert into Acts_in (actor_id, movie_id) values (15, 12);
insert into Acts_in (actor_id, movie_id) values (10, 16);
insert into Acts_in (actor_id, movie_id) values (38, 48);
insert into Acts_in (actor_id, movie_id) values (17, 60);
insert into Acts_in (actor_id, movie_id) values (3, 30);
insert into Acts_in (actor_id, movie_id) values (2, 20);
insert into Acts_in (actor_id, movie_id) values (31, 31);
insert into Acts_in (actor_id, movie_id) values (12, 56);
insert into Acts_in (actor_id, movie_id) values (26, 49);
insert into Acts_in (actor_id, movie_id) values (22, 28);
insert into Acts_in (actor_id, movie_id) values (40, 2);
insert into Acts_in (actor_id, movie_id) values (33, 1);
insert into Acts_in (actor_id, movie_id) values (14, 69);
insert into Acts_in (actor_id, movie_id) values (3, 61);
insert into Acts_in (actor_id, movie_id) values (19, 14);
insert into Acts_in (actor_id, movie_id) values (27, 35);
insert into Acts_in (actor_id, movie_id) values (13, 22);
insert into Acts_in (actor_id, movie_id) values (24, 27);
insert into Acts_in (actor_id, movie_id) values (11, 1);
insert into Acts_in (actor_id, movie_id) values (20, 45);
insert into Acts_in (actor_id, movie_id) values (30, 37);
insert into Acts_in (actor_id, movie_id) values (2, 19);
insert into Acts_in (actor_id, movie_id) values (14, 61);
insert into Acts_in (actor_id, movie_id) values (28, 44);
insert into Acts_in (actor_id, movie_id) values (24, 39);
insert into Acts_in (actor_id, movie_id) values (34, 15);
insert into Acts_in (actor_id, movie_id) values (34, 67);
insert into Acts_in (actor_id, movie_id) values (37, 39);
insert into Acts_in (actor_id, movie_id) values (27, 62);
insert into Acts_in (actor_id, movie_id) values (4, 20);
insert into Acts_in (actor_id, movie_id) values (20, 27);
insert into Acts_in (actor_id, movie_id) values (29, 49);
insert into Acts_in (actor_id, movie_id) values (13, 3);
insert into Acts_in (actor_id, movie_id) values (3, 44);
insert into Acts_in (actor_id, movie_id) values (28, 58);
insert into Acts_in (actor_id, movie_id) values (36, 11);
insert into Acts_in (actor_id, movie_id) values (29, 62);
insert into Acts_in (actor_id, movie_id) values (23, 58);
insert into Acts_in (actor_id, movie_id) values (39, 37);
insert into Acts_in (actor_id, movie_id) values (20, 8);
insert into Acts_in (actor_id, movie_id) values (31, 60);
insert into Acts_in (actor_id, movie_id) values (29, 66);
insert into Acts_in (actor_id, movie_id) values (31, 16);
insert into Acts_in (actor_id, movie_id) values (22, 30);
insert into Acts_in (actor_id, movie_id) values (24, 65);
insert into Acts_in (actor_id, movie_id) values (21, 12);
insert into Acts_in (actor_id, movie_id) values (5, 20);
insert into Acts_in (actor_id, movie_id) values (24, 60);
insert into Acts_in (actor_id, movie_id) values (35, 37);
insert into Acts_in (actor_id, movie_id) values (10, 37);
insert into Acts_in (actor_id, movie_id) values (20, 11);
insert into Acts_in (actor_id, movie_id) values (31, 40);
insert into Acts_in (actor_id, movie_id) values (31, 55);
insert into Acts_in (actor_id, movie_id) values (18, 17);
insert into Acts_in (actor_id, movie_id) values (1, 66);
insert into Acts_in (actor_id, movie_id) values (4, 36);
insert into Acts_in (actor_id, movie_id) values (37, 43);
insert into Acts_in (actor_id, movie_id) values (18, 3);
insert into Acts_in (actor_id, movie_id) values (28, 65);
insert into Acts_in (actor_id, movie_id) values (27, 67);
insert into Acts_in (actor_id, movie_id) values (39, 26);
insert into Acts_in (actor_id, movie_id) values (6, 51);
insert into Acts_in (actor_id, movie_id) values (12, 58);
insert into Acts_in (actor_id, movie_id) values (1, 47);
insert into Acts_in (actor_id, movie_id) values (19, 6);
insert into Acts_in (actor_id, movie_id) values (11, 36);
insert into Acts_in (actor_id, movie_id) values (35, 5);
insert into Acts_in (actor_id, movie_id) values (17, 35);
insert into Acts_in (actor_id, movie_id) values (32, 33);
insert into Acts_in (actor_id, movie_id) values (36, 8);
insert into Acts_in (actor_id, movie_id) values (25, 38);
insert into Acts_in (actor_id, movie_id) values (18, 64);
insert into Acts_in (actor_id, movie_id) values (15, 44);
insert into Acts_in (actor_id, movie_id) values (3, 46);
insert into Acts_in (actor_id, movie_id) values (38, 57);
insert into Acts_in (actor_id, movie_id) values (23, 11);
insert into Acts_in (actor_id, movie_id) values (9, 67);
insert into Acts_in (actor_id, movie_id) values (15, 8);
insert into Acts_in (actor_id, movie_id) values (30, 44);
insert into Acts_in (actor_id, movie_id) values (23, 22);
insert into Acts_in (actor_id, movie_id) values (6, 20);
insert into Acts_in (actor_id, movie_id) values (37, 19);
insert into Acts_in (actor_id, movie_id) values (25, 29);
insert into Acts_in (actor_id, movie_id) values (7, 39);
insert into Acts_in (actor_id, movie_id) values (24, 48);
insert into Acts_in (actor_id, movie_id) values (22, 12);
insert into Acts_in (actor_id, movie_id) values (31, 56);
insert into Acts_in (actor_id, movie_id) values (31, 15);
insert into Acts_in (actor_id, movie_id) values (29, 42);
insert into Acts_in (actor_id, movie_id) values (34, 29);
insert into Acts_in (actor_id, movie_id) values (37, 68);
insert into Acts_in (actor_id, movie_id) values (11, 70);
insert into Acts_in (actor_id, movie_id) values (6, 11);
insert into Acts_in (actor_id, movie_id) values (4, 3);
insert into Acts_in (actor_id, movie_id) values (10, 42);
insert into Acts_in (actor_id, movie_id) values (6, 61);
insert into Acts_in (actor_id, movie_id) values (30, 31);
insert into Acts_in (actor_id, movie_id) values (19, 66);
insert into Acts_in (actor_id, movie_id) values (13, 66);
insert into Acts_in (actor_id, movie_id) values (20, 41);
insert into Acts_in (actor_id, movie_id) values (15, 24);
insert into Acts_in (actor_id, movie_id) values (26, 11);
insert into Acts_in (actor_id, movie_id) values (29, 18);
insert into Acts_in (actor_id, movie_id) values (10, 31);
insert into Acts_in (actor_id, movie_id) values (12, 68);
insert into Acts_in (actor_id, movie_id) values (15, 25);
insert into Acts_in (actor_id, movie_id) values (11, 47);
insert into Acts_in (actor_id, movie_id) values (31, 47);
insert into Acts_in (actor_id, movie_id) values (25, 45);
insert into Acts_in (actor_id, movie_id) values (31, 25);
insert into Acts_in (actor_id, movie_id) values (29, 69);
insert into Acts_in (actor_id, movie_id) values (15, 67);
insert into Acts_in (actor_id, movie_id) values (13, 69);
insert into Acts_in (actor_id, movie_id) values (25, 15);
insert into Acts_in (actor_id, movie_id) values (35, 17);
insert into Acts_in (actor_id, movie_id) values (19, 45);
insert into Acts_in (actor_id, movie_id) values (9, 70);
insert into Acts_in (actor_id, movie_id) values (32, 47);

insert into Customer (first_name, last_name, address, city, state, zip_code, telephone, email, create_cust_date, credit_card, plan_number, start_date, end_date, customer_rating) values ('Annelise', 'Fergie', '8879 Hanover Center', 'Los Angeles', 'California', '90087', '213-128-8773', 'afergie0@fema.gov', '2022-01-11', '372301955433703', 3, '2020-10-27', '2023-10-04', 2);
insert into Customer (first_name, last_name, address, city, state, zip_code, telephone, email, create_cust_date, credit_card, plan_number, start_date, end_date, customer_rating) values ('Gerard', 'Moroney', '015 Crest Line Hill', 'Pensacola', 'Florida', '32526', '850-820-1039', 'gmoroney1@google.nl', '2021-01-20', '5010120841349718', 4, '2019-08-04', '2023-11-11', 1);
insert into Customer (first_name, last_name, address, city, state, zip_code, telephone, email, create_cust_date, credit_card, plan_number, start_date, end_date, customer_rating) values ('Monti', 'Tocher', '8 Alpine Parkway', 'Ridgely', 'Maryland', '21684', '410-997-7496', 'mtocher2@unesco.org', '2020-07-31', '5002350479068278', 2, '2017-05-26', '2023-07-21', 2);
insert into Customer (first_name, last_name, address, city, state, zip_code, telephone, email, create_cust_date, credit_card, plan_number, start_date, end_date, customer_rating) values ('Nissy', 'Jann', '4307 Riverside Crossing', 'Valdosta', 'Georgia', '31605', '229-708-8537', 'njann3@prnewswire.com', '2017-03-05', '5007662208969534', 3, '2020-04-02', '2023-08-10', 4);
insert into Customer (first_name, last_name, address, city, state, zip_code, telephone, email, create_cust_date, credit_card, plan_number, start_date, end_date, customer_rating) values ('Nicola', 'Benettini', '788 Prentice Terrace', 'Durham', 'North Carolina', '27717', '919-705-5355', 'nbenettini4@sbwire.com', '2019-09-22', '5002350911665699', 3, '2017-04-28', '2023-08-27', 3);
insert into Customer (first_name, last_name, address, city, state, zip_code, telephone, email, create_cust_date, credit_card, plan_number, start_date, end_date, customer_rating) values ('Talyah', 'McCambrois', '0708 Arrowood Terrace', 'Salt Lake City', 'Utah', '84105', '801-646-2782', 'tmccambrois5@spiegel.de', '2021-03-13', '5010123085557988', 3, '2022-05-23', '2022-11-23', 5);
insert into Customer (first_name, last_name, address, city, state, zip_code, telephone, email, create_cust_date, credit_card, plan_number, start_date, end_date, customer_rating) values ('Susi', 'Dougliss', '1 Lakeland Court', 'Albuquerque', 'New Mexico', '87110', '505-501-8700', 'sdougliss6@behance.net', '2022-02-25', '5002352960352765', 3, '2022-01-09', '2023-07-06', 5);
insert into Customer (first_name, last_name, address, city, state, zip_code, telephone, email, create_cust_date, credit_card, plan_number, start_date, end_date, customer_rating) values ('Perl', 'Simenon', '61 Nobel Alley', 'El Paso', 'Texas', '79945', '915-295-4461', 'psimenon7@marriott.com', '2018-02-06', '5007667787173911', 2, '2018-07-27', '2023-12-06', 5);
insert into Customer (first_name, last_name, address, city, state, zip_code, telephone, email, create_cust_date, credit_card, plan_number, start_date, end_date, customer_rating) values ('Amaleta', 'Lucia', '6 Buell Court', 'Trenton', 'New Jersey', '08603', '609-176-8430', 'alucia8@netlog.com', '2021-10-22', '5007663273107190', 1, '2017-08-20', '2023-06-24', 2);
insert into Customer (first_name, last_name, address, city, state, zip_code, telephone, email, create_cust_date, credit_card, plan_number, start_date, end_date, customer_rating) values ('Benjamin', 'Breinl', '8 Burrows Park', 'San Antonio', 'Texas', '78265', '210-225-1616', 'bbreinl9@usnews.com', '2020-01-25', '5010124244764226', 2, '2018-09-01', '2023-01-12', 4);
insert into Customer (first_name, last_name, address, city, state, zip_code, telephone, email, create_cust_date, credit_card, plan_number, start_date, end_date, customer_rating) values ('Ashlin', 'Olenov', '356 Lien Circle', 'Daytona Beach', 'Florida', '32123', '386-657-5402', 'aolenova@chron.com', '2019-01-14', '5010121086507929', 3, '2019-03-18', '2023-02-21', 3);
insert into Customer (first_name, last_name, address, city, state, zip_code, telephone, email, create_cust_date, credit_card, plan_number, start_date, end_date, customer_rating) values ('Fairlie', 'Ashby', '199 Welch Trail', 'Yonkers', 'New York', '10705', '914-540-1333', 'fashbyb@istockphoto.com', '2020-03-28', '5010121262049407', 3, '2017-07-01', '2023-12-11', 2);
insert into Customer (first_name, last_name, address, city, state, zip_code, telephone, email, create_cust_date, credit_card, plan_number, start_date, end_date, customer_rating) values ('Edgar', 'Popplestone', '15552 Crest Line Parkway', 'Topeka', 'Kansas', '66667', '785-241-6748', 'epopplestonec@amazon.com', '2021-09-20', '5010121617228359', 3, '2016-12-20', '2023-09-16', 5);
insert into Customer (first_name, last_name, address, city, state, zip_code, telephone, email, create_cust_date, credit_card, plan_number, start_date, end_date, customer_rating) values ('Kathryne', 'Lunk', '7 Nelson Terrace', 'Pueblo', 'Colorado', '81005', '719-260-9442', 'klunkd@reuters.com', '2019-06-23', '5010128834131266', 2, '2020-11-23', '2023-10-02', 4);
insert into Customer (first_name, last_name, address, city, state, zip_code, telephone, email, create_cust_date, credit_card, plan_number, start_date, end_date, customer_rating) values ('Felipa', 'Strainge', '62 Hauk Junction', 'Jackson', 'Mississippi', '39236', '601-702-3107', 'fstraingee@macromedia.com', '2018-02-05', '5002351125394639', 1, '2022-10-27', '2023-10-19', 3);
insert into Customer (first_name, last_name, address, city, state, zip_code, telephone, email, create_cust_date, credit_card, plan_number, start_date, end_date, customer_rating) values ('Patton', 'Bartholin', '02 2nd Place', 'New York City', 'New York', '10090', '212-709-7298', 'pbartholinf@fema.gov', '2017-08-06', '5007668704200860', 3, '2021-11-19', '2023-10-11', 1);
insert into Customer (first_name, last_name, address, city, state, zip_code, telephone, email, create_cust_date, credit_card, plan_number, start_date, end_date, customer_rating) values ('Cindee', 'Mattke', '824 Crowley Drive', 'Los Angeles', 'California', '90045', '310-341-9003', 'cmattkeg@dailymotion.com', '2017-08-03', '372301418597177', 4, '2017-12-14', '2024-01-15', 5);
insert into Customer (first_name, last_name, address, city, state, zip_code, telephone, email, create_cust_date, credit_card, plan_number, start_date, end_date, customer_rating) values ('Arlyne', 'Dagg', '5406 Dawn Court', 'Oxnard', 'California', '93034', '805-118-6970', 'adaggh@businessweek.com', '2022-06-30', '5007663340499158', 4, '2018-07-09', '2023-11-14', 1);
insert into Customer (first_name, last_name, address, city, state, zip_code, telephone, email, create_cust_date, credit_card, plan_number, start_date, end_date, customer_rating) values ('Alvera', 'Swainston', '8 Gerald Drive', 'Anaheim', 'California', '92825', '714-588-5752', 'aswainstoni@cocolog-nifty.com', '2020-02-16', '5002355769860086', 4, '2019-03-16', '2023-05-31', 3);
insert into Customer (first_name, last_name, address, city, state, zip_code, telephone, email, create_cust_date, credit_card, plan_number, start_date, end_date, customer_rating) values ('Cheston', 'Coogan', '00765 Lindbergh Park', 'Los Angeles', 'California', '90087', '213-138-2506', 'ccooganj@zimbio.com', '2019-10-06', '5007669261590990', 2, '2019-12-31', '2023-02-09', 2);
insert into Customer (first_name, last_name, address, city, state, zip_code, telephone, email, create_cust_date, credit_card, plan_number, start_date, end_date, customer_rating) values ('Isabelle', 'Titchener', '1 Banding Crossing', 'Garland', 'Texas', '75044', '214-775-2886', 'ititchenerk@accuweather.com', '2017-03-02', '5010129133339758', 1, '2018-03-05', '2023-06-25', 5);
insert into Customer (first_name, last_name, address, city, state, zip_code, telephone, email, create_cust_date, credit_card, plan_number, start_date, end_date, customer_rating) values ('Estevan', 'Kilbourne', '78 Union Point', 'Hampton', 'Virginia', '23668', '757-358-2957', 'ekilbournel@usa.gov', '2019-04-08', '5010122654633782', 1, '2021-08-31', '2024-01-17', 1);
insert into Customer (first_name, last_name, address, city, state, zip_code, telephone, email, create_cust_date, credit_card, plan_number, start_date, end_date, customer_rating) values ('Marne', 'Strethill', '1523 Londonderry Road', 'Minneapolis', 'Minnesota', '55436', '612-321-9737', 'mstrethillm@gravatar.com', '2017-10-07', '5002351550286946', 1, '2018-10-28', '2023-02-18', 1);
insert into Customer (first_name, last_name, address, city, state, zip_code, telephone, email, create_cust_date, credit_card, plan_number, start_date, end_date, customer_rating) values ('Valentino', 'Cyson', '06439 Dawn Way', 'Utica', 'New York', '13505', '315-485-1669', 'vcysonn@washington.edu', '2020-11-21', '5002358550063530', 4, '2018-02-10', '2023-08-06', 3);
insert into Customer (first_name, last_name, address, city, state, zip_code, telephone, email, create_cust_date, credit_card, plan_number, start_date, end_date, customer_rating) values ('Kirsteni', 'Lichfield', '4 Magdeline Alley', 'Orlando', 'Florida', '32803', '321-329-9520', 'klichfieldo@vistaprint.com', '2019-02-24', '5010126771429172', 3, '2021-11-10', '2023-05-02', 1);
insert into Customer (first_name, last_name, address, city, state, zip_code, telephone, email, create_cust_date, credit_card, plan_number, start_date, end_date, customer_rating) values ('Udell', 'Goldsberry', '88456 Golf Terrace', 'Santa Ana', 'California', '92705', '213-627-7160', 'ugoldsberryp@msn.com', '2017-06-08', '5007667189131400', 1, '2017-01-24', '2022-12-10', 1);
insert into Customer (first_name, last_name, address, city, state, zip_code, telephone, email, create_cust_date, credit_card, plan_number, start_date, end_date, customer_rating) values ('Winthrop', 'Govier', '452 Atwood Lane', 'Fairfax', 'Virginia', '22036', '571-514-0494', 'wgovierq@spotify.com', '2021-12-22', '5002352491118529', 2, '2021-02-23', '2022-11-22', 4);
insert into Customer (first_name, last_name, address, city, state, zip_code, telephone, email, create_cust_date, credit_card, plan_number, start_date, end_date, customer_rating) values ('Aluin', 'O''Kennedy', '170 Jenna Road', 'Dallas', 'Texas', '75241', '214-679-7082', 'aokennedyr@fastcompany.com', '2020-12-04', '372301873081337', 2, '2019-04-01', '2022-12-10', 4);
insert into Customer (first_name, last_name, address, city, state, zip_code, telephone, email, create_cust_date, credit_card, plan_number, start_date, end_date, customer_rating) values ('Sergio', 'Chung', '955 Northwestern Alley', 'Memphis', 'Tennessee', '38126', '901-202-1891', 'schungs@marriott.com', '2018-02-20', '5007663084590493', 4, '2022-09-13', '2023-10-25', 5);
insert into Customer (first_name, last_name, address, city, state, zip_code, telephone, email, create_cust_date, credit_card, plan_number, start_date, end_date, customer_rating) values ('Jacob', 'Fulger', '5 Daystar Trail', 'Cincinnati', 'Ohio', '45296', '513-522-3812', 'jfulgert@google.cn', '2017-05-17', '5002354924380692', 2, '2021-08-17', '2024-01-15', 1);
insert into Customer (first_name, last_name, address, city, state, zip_code, telephone, email, create_cust_date, credit_card, plan_number, start_date, end_date, customer_rating) values ('Lynelle', 'Karle', '67 Old Shore Lane', 'Anchorage', 'Alaska', '99512', '907-890-5131', 'lkarleu@mysql.com', '2020-12-02', '5010128453484483', 4, '2022-06-15', '2023-07-06', 5);
insert into Customer (first_name, last_name, address, city, state, zip_code, telephone, email, create_cust_date, credit_card, plan_number, start_date, end_date, customer_rating) values ('Truda', 'Aspole', '9 Jenna Trail', 'Washington', 'District of Columbia', '20231', '202-118-9364', 'taspolev@adobe.com', '2019-11-13', '5010126829836204', 4, '2018-04-06', '2023-05-28', 5);
insert into Customer (first_name, last_name, address, city, state, zip_code, telephone, email, create_cust_date, credit_card, plan_number, start_date, end_date, customer_rating) values ('Roxy', 'Lacknor', '978 Hovde Center', 'Dearborn', 'Michigan', '48126', '313-750-2207', 'rlacknorw@google.de', '2020-01-11', '372301373497512', 2, '2019-06-25', '2023-09-30', 3);
insert into Customer (first_name, last_name, address, city, state, zip_code, telephone, email, create_cust_date, credit_card, plan_number, start_date, end_date, customer_rating) values ('Den', 'Sibley', '59 Hayes Lane', 'Panama City', 'Florida', '32412', '850-107-9686', 'dsibleyx@paypal.com', '2022-01-13', '5010123513862562', 3, '2018-01-23', '2024-02-17', 4);
insert into Customer (first_name, last_name, address, city, state, zip_code, telephone, email, create_cust_date, credit_card, plan_number, start_date, end_date, customer_rating) values ('Kienan', 'Edridge', '599 Hayes Terrace', 'Birmingham', 'Alabama', '35220', '205-639-8031', 'kedridgey@comsenz.com', '2020-03-15', '372301434658888', 3, '2018-11-11', '2023-12-02', 2);
insert into Customer (first_name, last_name, address, city, state, zip_code, telephone, email, create_cust_date, credit_card, plan_number, start_date, end_date, customer_rating) values ('Winnie', 'Brigdale', '3250 Norway Maple Place', 'Delray Beach', 'Florida', '33448', '561-493-9088', 'wbrigdalez@google.it', '2021-08-20', '5007664104742833', 3, '2017-05-22', '2024-01-31', 1);
insert into Customer (first_name, last_name, address, city, state, zip_code, telephone, email, create_cust_date, credit_card, plan_number, start_date, end_date, customer_rating) values ('Zelda', 'O''Shevlin', '9117 Victoria Circle', 'Peoria', 'Illinois', '61629', '309-483-6232', 'zoshevlin10@discuz.net', '2016-12-21', '5007666510472806', 2, '2017-12-15', '2023-12-16', 4);
insert into Customer (first_name, last_name, address, city, state, zip_code, telephone, email, create_cust_date, credit_card, plan_number, start_date, end_date, customer_rating) values ('Lotti', 'Dericot', '499 Warbler Plaza', 'Columbus', 'Georgia', '31914', '706-574-0841', 'ldericot11@cornell.edu', '2020-12-31', '5007664387829976', 4, '2021-05-01', '2023-06-29', 1);
insert into Customer (first_name, last_name, address, city, state, zip_code, telephone, email, create_cust_date, credit_card, plan_number, start_date, end_date, customer_rating) values ('Efrem', 'Blackwood', '35258 Artisan Park', 'Milwaukee', 'Wisconsin', '53225', '414-287-9704', 'eblackwood12@cbsnews.com', '2017-06-09', '5002354447807080', 4, '2022-09-24', '2024-01-10', 1);
insert into Customer (first_name, last_name, address, city, state, zip_code, telephone, email, create_cust_date, credit_card, plan_number, start_date, end_date, customer_rating) values ('Orbadiah', 'Nore', '60 Harper Park', 'Lancaster', 'Pennsylvania', '17605', '717-120-6004', 'onore13@sina.com.cn', '2022-07-10', '5002352765597580', 4, '2017-05-13', '2024-02-21', 3);
insert into Customer (first_name, last_name, address, city, state, zip_code, telephone, email, create_cust_date, credit_card, plan_number, start_date, end_date, customer_rating) values ('Nadine', 'Siviour', '7 Moose Center', 'Sioux Falls', 'South Dakota', '57188', '605-523-7884', 'nsiviour14@chronoengine.com', '2018-03-28', '5002355137368564', 3, '2021-02-25', '2024-01-25', 1);
insert into Customer (first_name, last_name, address, city, state, zip_code, telephone, email, create_cust_date, credit_card, plan_number, start_date, end_date, customer_rating) values ('Tad', 'Satterlee', '75 Mcguire Alley', 'Sioux City', 'Iowa', '51105', '712-186-0679', 'tsatterlee15@cam.ac.uk', '2017-05-15', '5010127938075585', 4, '2019-03-19', '2023-11-07', 5);
insert into Customer (first_name, last_name, address, city, state, zip_code, telephone, email, create_cust_date, credit_card, plan_number, start_date, end_date, customer_rating) values ('Jocelyne', 'Ince', '979 Washington Circle', 'Shreveport', 'Louisiana', '71161', '318-993-4870', 'jince16@ox.ac.uk', '2020-09-15', '5007660916362125', 3, '2017-10-07', '2023-11-03', 2);
insert into Customer (first_name, last_name, address, city, state, zip_code, telephone, email, create_cust_date, credit_card, plan_number, start_date, end_date, customer_rating) values ('Ced', 'Bothbie', '94367 Moose Park', 'Ridgely', 'Maryland', '21684', '410-444-3025', 'cbothbie17@altervista.org', '2020-03-21', '5007667932134636', 1, '2020-07-30', '2022-11-03', 3);
insert into Customer (first_name, last_name, address, city, state, zip_code, telephone, email, create_cust_date, credit_card, plan_number, start_date, end_date, customer_rating) values ('Thadeus', 'Switzer', '5 Pepper Wood Road', 'Falls Church', 'Virginia', '22047', '571-794-1202', 'tswitzer18@china.com.cn', '2020-06-21', '5002356529041116', 1, '2022-06-15', '2023-12-16', 5);
insert into Customer (first_name, last_name, address, city, state, zip_code, telephone, email, create_cust_date, credit_card, plan_number, start_date, end_date, customer_rating) values ('Anni', 'Obin', '6644 Pleasure Park', 'Huntington', 'West Virginia', '25770', '304-105-9791', 'aobin19@tripadvisor.com', '2022-08-03', '5002354277347157', 2, '2017-11-24', '2024-01-26', 1);
insert into Customer (first_name, last_name, address, city, state, zip_code, telephone, email, create_cust_date, credit_card, plan_number, start_date, end_date, customer_rating) values ('Adriano', 'Bennington', '09 Glacier Hill Road', 'Tacoma', 'Washington', '98405', '253-821-6084', 'abennington1a@businesswire.com', '2021-04-07', '5010127356875672', 1, '2018-09-21', '2023-03-13', 1);
insert into Customer (first_name, last_name, address, city, state, zip_code, telephone, email, create_cust_date, credit_card, plan_number, start_date, end_date, customer_rating) values ('Ekaterina', 'Armall', '9 Columbus Terrace', 'Anchorage', 'Alaska', '99517', '907-479-0647', 'earmall1b@squarespace.com', '2022-09-06', '5002357415612820', 3, '2019-03-13', '2023-09-15', 1);
insert into Customer (first_name, last_name, address, city, state, zip_code, telephone, email, create_cust_date, credit_card, plan_number, start_date, end_date, customer_rating) values ('Barbra', 'Sikorsky', '24309 Veith Court', 'Albany', 'New York', '12210', '518-253-0835', 'bsikorsky1c@vinaora.com', '2020-11-10', '5010125901140188', 3, '2022-04-03', '2023-08-14', 1);
insert into Customer (first_name, last_name, address, city, state, zip_code, telephone, email, create_cust_date, credit_card, plan_number, start_date, end_date, customer_rating) values ('Bear', 'McAlarney', '405 Fair Oaks Alley', 'Detroit', 'Michigan', '48224', '313-583-7443', 'bmcalarney1d@telegraph.co.uk', '2020-01-26', '5002354293212294', 3, '2018-04-15', '2023-10-24', 1);
insert into Customer (first_name, last_name, address, city, state, zip_code, telephone, email, create_cust_date, credit_card, plan_number, start_date, end_date, customer_rating) values ('Jorey', 'Parlot', '42 Melvin Plaza', 'Waltham', 'Massachusetts', '02453', '781-562-6736', 'jparlot1e@booking.com', '2021-05-22', '372301163199674', 4, '2019-04-06', '2023-07-06', 1);
insert into Customer (first_name, last_name, address, city, state, zip_code, telephone, email, create_cust_date, credit_card, plan_number, start_date, end_date, customer_rating) values ('Sergio', 'Paddeley', '6 Northridge Drive', 'Akron', 'Ohio', '44393', '234-712-3185', 'spaddeley1f@wired.com', '2021-09-21', '5002354221738162', 1, '2021-09-02', '2024-02-09', 2);
insert into Customer (first_name, last_name, address, city, state, zip_code, telephone, email, create_cust_date, credit_card, plan_number, start_date, end_date, customer_rating) values ('Marcelline', 'Bristow', '957 Artisan Court', 'Milwaukee', 'Wisconsin', '53220', '414-530-3512', 'mbristow1g@nymag.com', '2017-05-23', '372301951442880', 1, '2017-10-14', '2023-01-21', 4);
insert into Customer (first_name, last_name, address, city, state, zip_code, telephone, email, create_cust_date, credit_card, plan_number, start_date, end_date, customer_rating) values ('Malia', 'Waszczykowski', '0 Bayside Lane', 'Duluth', 'Georgia', '30096', '770-143-5245', 'mwaszczykowski1h@boston.com', '2019-10-24', '372301573490721', 1, '2017-07-29', '2023-02-27', 5);
insert into Customer (first_name, last_name, address, city, state, zip_code, telephone, email, create_cust_date, credit_card, plan_number, start_date, end_date, customer_rating) values ('Dosi', 'Stockey', '6727 Beilfuss Junction', 'Terre Haute', 'Indiana', '47812', '812-638-8766', 'dstockey1i@yolasite.com', '2021-09-03', '372301707960219', 1, '2016-12-15', '2023-05-29', 3);
insert into Customer (first_name, last_name, address, city, state, zip_code, telephone, email, create_cust_date, credit_card, plan_number, start_date, end_date, customer_rating) values ('Rudie', 'Schimke', '5303 Scoville Lane', 'Washington', 'District of Columbia', '20088', '202-566-1776', 'rschimke1j@slate.com', '2018-08-19', '5002352152041564', 4, '2017-04-24', '2023-01-01', 5);
insert into Customer (first_name, last_name, address, city, state, zip_code, telephone, email, create_cust_date, credit_card, plan_number, start_date, end_date, customer_rating) values ('Vassily', 'Hornbuckle', '31021 Sundown Pass', 'Colorado Springs', 'Colorado', '80925', '719-264-6322', 'vhornbuckle1k@opera.com', '2019-02-19', '5007668867787745', 1, '2018-05-18', '2023-03-04', 1);
insert into Customer (first_name, last_name, address, city, state, zip_code, telephone, email, create_cust_date, credit_card, plan_number, start_date, end_date, customer_rating) values ('Malina', 'Goman', '28735 6th Road', 'Fort Worth', 'Texas', '76134', '817-775-9661', 'mgoman1l@hc360.com', '2017-11-03', '5002359391922546', 4, '2020-07-17', '2023-03-06', 2);
insert into Customer (first_name, last_name, address, city, state, zip_code, telephone, email, create_cust_date, credit_card, plan_number, start_date, end_date, customer_rating) values ('Weston', 'Leades', '5718 Canary Avenue', 'Orlando', 'Florida', '32830', '407-497-7653', 'wleades1m@51.la', '2017-08-17', '372301449717059', 2, '2022-03-07', '2023-12-17', 1);
insert into Customer (first_name, last_name, address, city, state, zip_code, telephone, email, create_cust_date, credit_card, plan_number, start_date, end_date, customer_rating) values ('Humberto', 'Coorington', '26955 John Wall Alley', 'Albany', 'New York', '12205', '518-572-1650', 'hcoorington1n@hud.gov', '2021-06-01', '5002351899923696', 1, '2020-06-29', '2024-02-11', 1);
insert into Customer (first_name, last_name, address, city, state, zip_code, telephone, email, create_cust_date, credit_card, plan_number, start_date, end_date, customer_rating) values ('Raviv', 'Martinec', '87 Huxley Pass', 'Pittsburgh', 'Pennsylvania', '15274', '412-595-0151', 'rmartinec1o@etsy.com', '2021-11-25', '5002358237178578', 2, '2017-06-05', '2023-04-25', 3);
insert into Customer (first_name, last_name, address, city, state, zip_code, telephone, email, create_cust_date, credit_card, plan_number, start_date, end_date, customer_rating) values ('Anthia', 'Senn', '2247 Hanover Park', 'Carson City', 'Nevada', '89706', '775-266-5718', 'asenn1p@lulu.com', '2018-05-18', '5010124501306497', 1, '2022-06-10', '2023-12-29', 5);
insert into Customer (first_name, last_name, address, city, state, zip_code, telephone, email, create_cust_date, credit_card, plan_number, start_date, end_date, customer_rating) values ('Regine', 'Caulwell', '5910 Marcy Avenue', 'San Jose', 'California', '95173', '408-530-4992', 'rcaulwell1q@prweb.com', '2021-02-03', '372301322572423', 3, '2019-09-28', '2023-03-30', 2);
insert into Customer (first_name, last_name, address, city, state, zip_code, telephone, email, create_cust_date, credit_card, plan_number, start_date, end_date, customer_rating) values ('Constancia', 'Tewelson', '319 Grim Center', 'Cincinnati', 'Ohio', '45249', '513-911-7110', 'ctewelson1r@furl.net', '2021-10-11', '5010121243022002', 2, '2017-08-06', '2023-10-05', 5);
insert into Customer (first_name, last_name, address, city, state, zip_code, telephone, email, create_cust_date, credit_card, plan_number, start_date, end_date, customer_rating) values ('Kamillah', 'Grolmann', '4 Magdeline Street', 'Minneapolis', 'Minnesota', '55441', '763-635-5335', 'kgrolmann1s@thetimes.co.uk', '2020-01-03', '5007662284744637', 3, '2020-03-12', '2022-12-20', 1);
insert into Customer (first_name, last_name, address, city, state, zip_code, telephone, email, create_cust_date, credit_card, plan_number, start_date, end_date, customer_rating) values ('Marven', 'Attrill', '96704 Clarendon Way', 'Phoenix', 'Arizona', '85020', '623-395-0526', 'mattrill1t@hibu.com', '2021-03-30', '5002353062308713', 2, '2019-04-13', '2023-12-29', 1);
insert into Customer (first_name, last_name, address, city, state, zip_code, telephone, email, create_cust_date, credit_card, plan_number, start_date, end_date, customer_rating) values ('Raven', 'Cantle', '7 Ruskin Street', 'Cedar Rapids', 'Iowa', '52405', '319-682-5939', 'rcantle1u@geocities.com', '2022-05-29', '5007662010949435', 1, '2021-05-26', '2023-01-16', 4);
insert into Customer (first_name, last_name, address, city, state, zip_code, telephone, email, create_cust_date, credit_card, plan_number, start_date, end_date, customer_rating) values ('Monro', 'Durden', '5 Dennis Junction', 'Indianapolis', 'Indiana', '46295', '317-659-5764', 'mdurden1v@scribd.com', '2017-11-10', '5010128774233064', 1, '2022-05-21', '2024-01-15', 1);
insert into Customer (first_name, last_name, address, city, state, zip_code, telephone, email, create_cust_date, credit_card, plan_number, start_date, end_date, customer_rating) values ('Shirlene', 'Reven', '8 Kipling Drive', 'Jersey City', 'New Jersey', '07310', '551-917-7478', 'sreven1w@constantcontact.com', '2020-01-31', '5007661508617223', 2, '2018-01-28', '2023-01-17', 2);
insert into Customer (first_name, last_name, address, city, state, zip_code, telephone, email, create_cust_date, credit_card, plan_number, start_date, end_date, customer_rating) values ('Quent', 'Kennagh', '20 Hoard Court', 'Salt Lake City', 'Utah', '84152', '801-222-2045', 'qkennagh1x@myspace.com', '2021-09-28', '5010127558211379', 3, '2016-12-18', '2023-05-16', 2);
insert into Customer (first_name, last_name, address, city, state, zip_code, telephone, email, create_cust_date, credit_card, plan_number, start_date, end_date, customer_rating) values ('Torrence', 'Dabbes', '59 Sachtjen Hill', 'Glendale', 'California', '91210', '818-548-4309', 'tdabbes1y@paypal.com', '2022-06-04', '372301737646010', 2, '2017-01-25', '2023-04-21', 5);
insert into Customer (first_name, last_name, address, city, state, zip_code, telephone, email, create_cust_date, credit_card, plan_number, start_date, end_date, customer_rating) values ('Brita', 'Massenhove', '5 Evergreen Parkway', 'Brooklyn', 'New York', '11225', '718-969-6941', 'bmassenhove1z@prweb.com', '2016-12-20', '372301562519472', 4, '2020-10-23', '2023-01-18', 4);
insert into Customer (first_name, last_name, address, city, state, zip_code, telephone, email, create_cust_date, credit_card, plan_number, start_date, end_date, customer_rating) values ('Christal', 'Ferreras', '1 Muir Road', 'Shawnee Mission', 'Kansas', '66286', '913-662-6408', 'cferreras20@weibo.com', '2018-10-31', '372301694354335', 2, '2018-12-21', '2022-12-27', 1);
insert into Customer (first_name, last_name, address, city, state, zip_code, telephone, email, create_cust_date, credit_card, plan_number, start_date, end_date, customer_rating) values ('Lemar', 'Karczinski', '8 Park Meadow Hill', 'Charlotte', 'North Carolina', '28263', '704-477-6424', 'lkarczinski21@psu.edu', '2022-07-27', '5007668418973604', 3, '2022-07-30', '2022-11-23', 1);
insert into Customer (first_name, last_name, address, city, state, zip_code, telephone, email, create_cust_date, credit_card, plan_number, start_date, end_date, customer_rating) values ('Dolley', 'Rudolfer', '94315 Warner Crossing', 'Tampa', 'Florida', '33620', '813-160-0384', 'drudolfer22@home.pl', '2018-11-16', '5002350090532959', 2, '2018-07-01', '2024-01-17', 2);
insert into Customer (first_name, last_name, address, city, state, zip_code, telephone, email, create_cust_date, credit_card, plan_number, start_date, end_date, customer_rating) values ('Brittney', 'Laurencot', '3806 Fairview Plaza', 'Buffalo', 'New York', '14276', '716-838-4948', 'blaurencot23@independent.co.uk', '2021-05-20', '5007669695987226', 4, '2021-10-17', '2023-11-18', 5);
insert into Customer (first_name, last_name, address, city, state, zip_code, telephone, email, create_cust_date, credit_card, plan_number, start_date, end_date, customer_rating) values ('Eal', 'Goreway', '90503 Hollow Ridge Circle', 'Jackson', 'Mississippi', '39296', '601-359-2510', 'egoreway24@chronoengine.com', '2021-09-17', '5002354748356951', 3, '2018-08-24', '2023-02-24', 4);
insert into Customer (first_name, last_name, address, city, state, zip_code, telephone, email, create_cust_date, credit_card, plan_number, start_date, end_date, customer_rating) values ('Liz', 'Kiff', '00389 American Park', 'Tucson', 'Arizona', '85725', '520-582-4288', 'lkiff25@howstuffworks.com', '2018-10-18', '5002352818508709', 4, '2020-10-25', '2022-11-21', 2);
insert into Customer (first_name, last_name, address, city, state, zip_code, telephone, email, create_cust_date, credit_card, plan_number, start_date, end_date, customer_rating) values ('Upton', 'Creggan', '14 Maryland Pass', 'Saint Paul', 'Minnesota', '55188', '651-632-4687', 'ucreggan26@creativecommons.org', '2017-07-24', '5002356689423567', 2, '2022-05-05', '2023-06-22', 2);
insert into Customer (first_name, last_name, address, city, state, zip_code, telephone, email, create_cust_date, credit_card, plan_number, start_date, end_date, customer_rating) values ('Carr', 'Shiels', '79 Northport Avenue', 'Jamaica', 'New York', '11407', '516-846-6217', 'cshiels27@bbb.org', '2020-05-23', '5010123075412574', 3, '2021-07-08', '2022-12-24', 1);
insert into Customer (first_name, last_name, address, city, state, zip_code, telephone, email, create_cust_date, credit_card, plan_number, start_date, end_date, customer_rating) values ('Spenser', 'Livezley', '626 Pepper Wood Point', 'Madison', 'Wisconsin', '53785', '608-984-8780', 'slivezley28@hugedomains.com', '2019-02-10', '372301187093952', 1, '2017-04-10', '2023-09-22', 3);
insert into Customer (first_name, last_name, address, city, state, zip_code, telephone, email, create_cust_date, credit_card, plan_number, start_date, end_date, customer_rating) values ('Elsinore', 'Kelledy', '67662 Laurel Pass', 'Columbia', 'South Carolina', '29240', '803-206-0628', 'ekelledy29@slashdot.org', '2020-03-28', '372301968357857', 3, '2018-11-16', '2023-01-12', 5);
insert into Customer (first_name, last_name, address, city, state, zip_code, telephone, email, create_cust_date, credit_card, plan_number, start_date, end_date, customer_rating) values ('Dagmar', 'Corry', '2312 Moose Place', 'Boca Raton', 'Florida', '33432', '954-309-8307', 'dcorry2a@yale.edu', '2020-01-11', '5007662830638085', 3, '2020-12-10', '2024-01-14', 1);
insert into Customer (first_name, last_name, address, city, state, zip_code, telephone, email, create_cust_date, credit_card, plan_number, start_date, end_date, customer_rating) values ('Maurice', 'Riguard', '6513 Claremont Parkway', 'Amarillo', 'Texas', '79118', '806-996-8808', 'mriguard2b@washington.edu', '2020-01-27', '5002351329204873', 3, '2018-08-26', '2022-11-01', 2);
insert into Customer (first_name, last_name, address, city, state, zip_code, telephone, email, create_cust_date, credit_card, plan_number, start_date, end_date, customer_rating) values ('Henriette', 'Trappe', '18743 Lakewood Point', 'Kansas City', 'Missouri', '64193', '816-852-0889', 'htrappe2c@meetup.com', '2022-10-11', '5002351527151256', 4, '2021-06-17', '2023-08-08', 3);
insert into Customer (first_name, last_name, address, city, state, zip_code, telephone, email, create_cust_date, credit_card, plan_number, start_date, end_date, customer_rating) values ('Emmi', 'Rucklidge', '69 Beilfuss Lane', 'Saint Louis', 'Missouri', '63136', '314-273-3454', 'erucklidge2d@behance.net', '2018-08-21', '5002350753773866', 3, '2021-07-28', '2022-12-14', 4);
insert into Customer (first_name, last_name, address, city, state, zip_code, telephone, email, create_cust_date, credit_card, plan_number, start_date, end_date, customer_rating) values ('Tamma', 'Paradis', '71 Kinsman Avenue', 'Arlington', 'Virginia', '22244', '571-785-5333', 'tparadis2e@paginegialle.it', '2018-06-04', '5002359079608532', 2, '2019-11-05', '2023-10-23', 1);
insert into Customer (first_name, last_name, address, city, state, zip_code, telephone, email, create_cust_date, credit_card, plan_number, start_date, end_date, customer_rating) values ('Shel', 'Ling', '834 Stoughton Circle', 'Waterloo', 'Iowa', '50706', '319-804-2126', 'sling2f@addthis.com', '2022-02-02', '5010125001737404', 2, '2022-02-22', '2022-11-29', 1);
insert into Customer (first_name, last_name, address, city, state, zip_code, telephone, email, create_cust_date, credit_card, plan_number, start_date, end_date, customer_rating) values ('Lina', 'Ruben', '044 Merrick Road', 'Alexandria', 'Virginia', '22333', '571-856-9138', 'lruben2g@amazon.co.jp', '2018-01-04', '5010120566797489', 4, '2018-06-12', '2023-03-27', 4);
insert into Customer (first_name, last_name, address, city, state, zip_code, telephone, email, create_cust_date, credit_card, plan_number, start_date, end_date, customer_rating) values ('Wilt', 'Maggill''Andreis', '515 Delladonna Plaza', 'Jackson', 'Tennessee', '38308', '731-272-3099', 'wmaggillandreis2h@com.com', '2019-05-13', '5010126166576041', 3, '2021-09-08', '2022-11-21', 2);
insert into Customer (first_name, last_name, address, city, state, zip_code, telephone, email, create_cust_date, credit_card, plan_number, start_date, end_date, customer_rating) values ('Gerrie', 'Buckett', '66412 Esch Junction', 'Sioux Falls', 'South Dakota', '57110', '605-552-0947', 'gbuckett2i@360.cn', '2019-01-25', '5010123466172126', 2, '2021-02-28', '2023-10-16', 3);
insert into Customer (first_name, last_name, address, city, state, zip_code, telephone, email, create_cust_date, credit_card, plan_number, start_date, end_date, customer_rating) values ('Verna', 'Flecknoe', '7532 Bayside Trail', 'Evansville', 'Indiana', '47725', '812-961-3995', 'vflecknoe2j@wisc.edu', '2018-04-29', '372301615811371', 4, '2020-11-05', '2022-12-17', 4);
insert into Customer (first_name, last_name, address, city, state, zip_code, telephone, email, create_cust_date, credit_card, plan_number, start_date, end_date, customer_rating) values ('Angelika', 'Saladino', '5623 Mockingbird Place', 'Saint Louis', 'Missouri', '63150', '314-443-8121', 'asaladino2k@ucla.edu', '2017-06-09', '372301086761642', 2, '2018-08-27', '2023-06-20', 2);
insert into Customer (first_name, last_name, address, city, state, zip_code, telephone, email, create_cust_date, credit_card, plan_number, start_date, end_date, customer_rating) values ('Ichabod', 'Blasius', '041 Esker Circle', 'Topeka', 'Kansas', '66667', '785-944-2939', 'iblasius2l@goo.gl', '2021-11-04', '5010125771377951', 1, '2022-07-26', '2023-11-19', 1);
insert into Customer (first_name, last_name, address, city, state, zip_code, telephone, email, create_cust_date, credit_card, plan_number, start_date, end_date, customer_rating) values ('Kordula', 'Fruish', '76 Mendota Junction', 'Lexington', 'Kentucky', '40596', '859-806-8168', 'kfruish2m@yellowbook.com', '2017-08-09', '372301576811964', 1, '2017-06-24', '2023-11-02', 1);
insert into Customer (first_name, last_name, address, city, state, zip_code, telephone, email, create_cust_date, credit_card, plan_number, start_date, end_date, customer_rating) values ('Even', 'Clausner', '624 Aberg Terrace', 'Cleveland', 'Ohio', '44111', '216-735-4345', 'eclausner2n@mapquest.com', '2019-07-01', '5007662066768333', 4, '2017-08-22', '2022-11-05', 3);
insert into Customer (first_name, last_name, address, city, state, zip_code, telephone, email, create_cust_date, credit_card, plan_number, start_date, end_date, customer_rating) values ('Auberon', 'Ellings', '12 Green Parkway', 'Mobile', 'Alabama', '36641', '251-612-4514', 'aellings2o@1688.com', '2019-05-06', '372301467469856', 2, '2017-01-19', '2023-05-12', 5);
insert into Customer (first_name, last_name, address, city, state, zip_code, telephone, email, create_cust_date, credit_card, plan_number, start_date, end_date, customer_rating) values ('Katerina', 'McGrory', '542 School Terrace', 'El Paso', 'Texas', '79934', '915-490-6521', 'kmcgrory2p@biglobe.ne.jp', '2021-10-28', '5002351168011165', 3, '2021-02-08', '2023-01-16', 3);
insert into Customer (first_name, last_name, address, city, state, zip_code, telephone, email, create_cust_date, credit_card, plan_number, start_date, end_date, customer_rating) values ('Brandon', 'Aronstam', '46 Golf Alley', 'Dallas', 'Texas', '75387', '214-688-1606', 'baronstam2q@theglobeandmail.com', '2020-09-19', '372301865655858', 2, '2018-01-16', '2023-08-29', 2);
insert into Customer (first_name, last_name, address, city, state, zip_code, telephone, email, create_cust_date, credit_card, plan_number, start_date, end_date, customer_rating) values ('Imojean', 'Saunder', '681 Nevada Place', 'Miami', 'Florida', '33147', '305-404-2696', 'isaunder2r@tripadvisor.com', '2018-07-27', '5007668521418554', 4, '2020-01-20', '2023-03-14', 5);
insert into Customer (first_name, last_name, address, city, state, zip_code, telephone, email, create_cust_date, credit_card, plan_number, start_date, end_date, customer_rating) values ('Letitia', 'O''Halleghane', '35 4th Plaza', 'Saint Paul', 'Minnesota', '55115', '651-350-4823', 'lohalleghane2s@msu.edu', '2022-03-19', '372301073499206', 1, '2017-07-26', '2023-06-24', 5);
insert into Customer (first_name, last_name, address, city, state, zip_code, telephone, email, create_cust_date, credit_card, plan_number, start_date, end_date, customer_rating) values ('Elvin', 'Burnham', '65 Fremont Drive', 'South Bend', 'Indiana', '46614', '574-265-7043', 'eburnham2t@tripadvisor.com', '2020-05-31', '5010122148932220', 1, '2018-10-03', '2024-02-14', 2);
insert into Customer (first_name, last_name, address, city, state, zip_code, telephone, email, create_cust_date, credit_card, plan_number, start_date, end_date, customer_rating) values ('Willy', 'Mattinson', '04 Sherman Point', 'Migrate', 'Kentucky', '41905', '502-505-9134', 'wmattinson2u@bluehost.com', '2018-02-28', '5002358956167117', 2, '2019-12-31', '2023-12-08', 2);
insert into Customer (first_name, last_name, address, city, state, zip_code, telephone, email, create_cust_date, credit_card, plan_number, start_date, end_date, customer_rating) values ('Dario', 'Sheircliffe', '500 Nova Center', 'New York City', 'New York', '10060', '646-140-5701', 'dsheircliffe2v@cpanel.net', '2017-11-20', '5002352824318572', 2, '2021-08-07', '2023-12-08', 4);
insert into Customer (first_name, last_name, address, city, state, zip_code, telephone, email, create_cust_date, credit_card, plan_number, start_date, end_date, customer_rating) values ('Durant', 'Spini', '01 Lien Court', 'Reading', 'Pennsylvania', '19605', '610-768-3271', 'dspini2w@earthlink.net', '2020-08-30', '5010123064403519', 1, '2020-07-20', '2023-02-22', 4);
insert into Customer (first_name, last_name, address, city, state, zip_code, telephone, email, create_cust_date, credit_card, plan_number, start_date, end_date, customer_rating) values ('Geordie', 'Milbourn', '919 Grayhawk Pass', 'Pensacola', 'Florida', '32511', '850-744-5913', 'gmilbourn2x@privacy.gov.au', '2020-05-18', '5010127056405069', 4, '2018-01-01', '2023-10-06', 5);
insert into Customer (first_name, last_name, address, city, state, zip_code, telephone, email, create_cust_date, credit_card, plan_number, start_date, end_date, customer_rating) values ('Gabi', 'De Luna', '815 Sachs Place', 'Akron', 'Ohio', '44321', '330-929-3037', 'gdeluna2y@sfgate.com', '2022-03-12', '5010121565359552', 3, '2018-04-04', '2023-08-11', 1);
insert into Customer (first_name, last_name, address, city, state, zip_code, telephone, email, create_cust_date, credit_card, plan_number, start_date, end_date, customer_rating) values ('Fairfax', 'Scholard', '597 Waywood Court', 'Las Vegas', 'Nevada', '89160', '702-431-4809', 'fscholard2z@hostgator.com', '2022-02-15', '5007666965997463', 1, '2017-01-06', '2024-01-13', 2);
insert into Customer (first_name, last_name, address, city, state, zip_code, telephone, email, create_cust_date, credit_card, plan_number, start_date, end_date, customer_rating) values ('Clifford', 'Paschke', '0012 Hallows Center', 'Richmond', 'Virginia', '23208', '804-136-8322', 'cpaschke30@newsvine.com', '2019-12-11', '5007669717248995', 3, '2017-05-26', '2023-03-14', 3);
insert into Customer (first_name, last_name, address, city, state, zip_code, telephone, email, create_cust_date, credit_card, plan_number, start_date, end_date, customer_rating) values ('Andras', 'Lighton', '4 Valley Edge Center', 'Amarillo', 'Texas', '79188', '806-915-7089', 'alighton31@census.gov', '2018-03-23', '5007664488783692', 2, '2020-08-12', '2023-05-03', 2);
insert into Customer (first_name, last_name, address, city, state, zip_code, telephone, email, create_cust_date, credit_card, plan_number, start_date, end_date, customer_rating) values ('Fara', 'O''Henery', '322 Hollow Ridge Park', 'Fresno', 'California', '93709', '559-288-8130', 'fohenery32@usa.gov', '2018-04-06', '5002353070848916', 2, '2017-04-19', '2023-11-12', 2);
insert into Customer (first_name, last_name, address, city, state, zip_code, telephone, email, create_cust_date, credit_card, plan_number, start_date, end_date, customer_rating) values ('Ines', 'Buckland', '25520 Farwell Parkway', 'Huntsville', 'Texas', '77343', '936-678-6752', 'ibuckland33@com.com', '2018-01-10', '5002350672760002', 4, '2020-03-01', '2024-02-17', 5);
insert into Customer (first_name, last_name, address, city, state, zip_code, telephone, email, create_cust_date, credit_card, plan_number, start_date, end_date, customer_rating) values ('Page', 'Noquet', '154 Cardinal Park', 'Anderson', 'South Carolina', '29625', '864-376-3184', 'pnoquet34@youku.com', '2020-12-31', '372301524063379', 4, '2018-10-07', '2024-02-15', 3);
insert into Customer (first_name, last_name, address, city, state, zip_code, telephone, email, create_cust_date, credit_card, plan_number, start_date, end_date, customer_rating) values ('Tara', 'Colcutt', '9 Coolidge Point', 'Lafayette', 'Louisiana', '70505', '337-256-3149', 'tcolcutt35@cpanel.net', '2018-12-25', '5007662401248926', 1, '2021-10-15', '2023-07-12', 5);
insert into Customer (first_name, last_name, address, city, state, zip_code, telephone, email, create_cust_date, credit_card, plan_number, start_date, end_date, customer_rating) values ('Giuseppe', 'Enston', '9239 Pierstorff Crossing', 'Dallas', 'Texas', '75353', '214-926-8693', 'genston36@newsvine.com', '2018-03-03', '5007665414816159', 4, '2020-08-21', '2022-11-02', 4);
insert into Customer (first_name, last_name, address, city, state, zip_code, telephone, email, create_cust_date, credit_card, plan_number, start_date, end_date, customer_rating) values ('Casie', 'Fidler', '03 Maple Wood Hill', 'Portland', 'Oregon', '97216', '503-324-6133', 'cfidler37@salon.com', '2018-08-24', '5010124030602507', 3, '2019-11-17', '2023-04-02', 2);
insert into Customer (first_name, last_name, address, city, state, zip_code, telephone, email, create_cust_date, credit_card, plan_number, start_date, end_date, customer_rating) values ('Corri', 'de Chastelain', '7 Westend Court', 'Atlanta', 'Georgia', '30336', '404-829-9157', 'cdechastelain38@cnbc.com', '2020-05-23', '5010123555045340', 4, '2019-02-24', '2023-12-31', 3);
insert into Customer (first_name, last_name, address, city, state, zip_code, telephone, email, create_cust_date, credit_card, plan_number, start_date, end_date, customer_rating) values ('Kittie', 'MacGowan', '0536 Manufacturers Parkway', 'Racine', 'Wisconsin', '53405', '262-586-5321', 'kmacgowan39@buzzfeed.com', '2017-06-14', '5007662853718947', 3, '2022-08-14', '2023-05-13', 2);
insert into Customer (first_name, last_name, address, city, state, zip_code, telephone, email, create_cust_date, credit_card, plan_number, start_date, end_date, customer_rating) values ('Abel', 'Eadmeads', '37 Commercial Terrace', 'Oklahoma City', 'Oklahoma', '73197', '405-955-3928', 'aeadmeads3a@example.com', '2018-03-09', '5007666038325536', 1, '2021-02-08', '2023-12-24', 3);
insert into Customer (first_name, last_name, address, city, state, zip_code, telephone, email, create_cust_date, credit_card, plan_number, start_date, end_date, customer_rating) values ('Bidget', 'Abeau', '38 Claremont Hill', 'Wichita', 'Kansas', '67210', '316-454-9130', 'babeau3b@hc360.com', '2022-09-11', '5002357674603056', 2, '2018-06-09', '2023-11-30', 2);
insert into Customer (first_name, last_name, address, city, state, zip_code, telephone, email, create_cust_date, credit_card, plan_number, start_date, end_date, customer_rating) values ('Mirabel', 'Farrall', '865 Knutson Center', 'Sioux Falls', 'South Dakota', '57105', '605-100-6661', 'mfarrall3c@gnu.org', '2016-12-28', '5002354400971659', 4, '2021-01-31', '2023-06-08', 1);
insert into Customer (first_name, last_name, address, city, state, zip_code, telephone, email, create_cust_date, credit_card, plan_number, start_date, end_date, customer_rating) values ('Ailene', 'Fazackerley', '2323 Thackeray Trail', 'New York City', 'New York', '10270', '347-654-5568', 'afazackerley3d@sphinn.com', '2019-08-14', '5002353335480364', 2, '2019-10-02', '2022-11-21', 5);
insert into Customer (first_name, last_name, address, city, state, zip_code, telephone, email, create_cust_date, credit_card, plan_number, start_date, end_date, customer_rating) values ('Aubert', 'Hayler', '66 Mallory Alley', 'Los Angeles', 'California', '90045', '310-165-9866', 'ahayler3e@bbb.org', '2020-06-02', '5007665581441146', 3, '2021-07-13', '2022-11-20', 3);
insert into Customer (first_name, last_name, address, city, state, zip_code, telephone, email, create_cust_date, credit_card, plan_number, start_date, end_date, customer_rating) values ('Walker', 'Ambrodi', '437 Cambridge Crossing', 'Atlanta', 'Georgia', '30386', '404-376-5510', 'wambrodi3f@booking.com', '2017-07-30', '5002355715394131', 3, '2020-11-25', '2023-01-01', 3);
insert into Customer (first_name, last_name, address, city, state, zip_code, telephone, email, create_cust_date, credit_card, plan_number, start_date, end_date, customer_rating) values ('Hermine', 'Dicte', '93853 Little Fleur Place', 'Dallas', 'Texas', '75251', '214-368-7704', 'hdicte3g@mashable.com', '2018-10-15', '5002351552212395', 2, '2018-06-29', '2022-12-11', 2);
insert into Customer (first_name, last_name, address, city, state, zip_code, telephone, email, create_cust_date, credit_card, plan_number, start_date, end_date, customer_rating) values ('Angel', 'Gant', '96302 Monterey Lane', 'Bronx', 'New York', '10454', '718-944-7172', 'agant3h@nps.gov', '2017-03-01', '5007662342126918', 4, '2020-03-04', '2023-09-26', 1);
insert into Customer (first_name, last_name, address, city, state, zip_code, telephone, email, create_cust_date, credit_card, plan_number, start_date, end_date, customer_rating) values ('Harp', 'Brameld', '3760 Maple Wood Lane', 'Norwalk', 'Connecticut', '06854', '203-762-1597', 'hbrameld3i@scientificamerican.com', '2018-11-05', '5002358152857305', 3, '2018-03-18', '2023-11-27', 5);
insert into Customer (first_name, last_name, address, city, state, zip_code, telephone, email, create_cust_date, credit_card, plan_number, start_date, end_date, customer_rating) values ('Jaquenetta', 'Pluthero', '3844 Laurel Center', 'Knoxville', 'Tennessee', '37931', '865-905-2783', 'jpluthero3j@wikispaces.com', '2018-02-05', '5002353478524671', 1, '2020-09-27', '2023-11-26', 1);
insert into Customer (first_name, last_name, address, city, state, zip_code, telephone, email, create_cust_date, credit_card, plan_number, start_date, end_date, customer_rating) values ('Jade', 'Kleisle', '0508 Bayside Crossing', 'Tampa', 'Florida', '33615', '813-155-4321', 'jkleisle3k@yahoo.co.jp', '2017-05-05', '5010125959441058', 1, '2017-07-31', '2023-05-04', 2);
insert into Customer (first_name, last_name, address, city, state, zip_code, telephone, email, create_cust_date, credit_card, plan_number, start_date, end_date, customer_rating) values ('Dedie', 'Buntain', '6 Vernon Terrace', 'San Angelo', 'Texas', '76905', '325-192-0157', 'dbuntain3l@whitehouse.gov', '2022-06-12', '5010127700987488', 4, '2021-07-29', '2023-11-13', 2);
insert into Customer (first_name, last_name, address, city, state, zip_code, telephone, email, create_cust_date, credit_card, plan_number, start_date, end_date, customer_rating) values ('Alvina', 'Vidgen', '88628 Kim Place', 'El Paso', 'Texas', '79916', '915-253-7469', 'avidgen3m@mozilla.org', '2022-10-31', '5010127099192732', 4, '2017-07-11', '2023-05-21', 5);
insert into Customer (first_name, last_name, address, city, state, zip_code, telephone, email, create_cust_date, credit_card, plan_number, start_date, end_date, customer_rating) values ('Silvester', 'Geering', '9029 Mayfield Alley', 'Anchorage', 'Alaska', '99599', '907-352-8334', 'sgeering3n@nps.gov', '2018-02-14', '5007663477371956', 2, '2018-11-02', '2023-09-30', 5);
insert into Customer (first_name, last_name, address, city, state, zip_code, telephone, email, create_cust_date, credit_card, plan_number, start_date, end_date, customer_rating) values ('Alexander', 'Carty', '93 Sommers Junction', 'Sacramento', 'California', '95838', '916-582-7787', 'acarty3o@slashdot.org', '2019-01-30', '5007664141931605', 1, '2017-04-27', '2022-12-23', 1);
insert into Customer (first_name, last_name, address, city, state, zip_code, telephone, email, create_cust_date, credit_card, plan_number, start_date, end_date, customer_rating) values ('Penn', 'Stopforth', '72 Forest Dale Road', 'Tulsa', 'Oklahoma', '74108', '918-586-8877', 'pstopforth3p@sphinn.com', '2018-04-16', '372301738102187', 1, '2019-02-24', '2023-04-29', 1);
insert into Customer (first_name, last_name, address, city, state, zip_code, telephone, email, create_cust_date, credit_card, plan_number, start_date, end_date, customer_rating) values ('Darrel', 'Sandwick', '656 Oriole Crossing', 'Memphis', 'Tennessee', '38188', '901-776-0182', 'dsandwick3q@qq.com', '2018-12-06', '5010120865570132', 3, '2018-11-28', '2023-03-23', 5);
insert into Customer (first_name, last_name, address, city, state, zip_code, telephone, email, create_cust_date, credit_card, plan_number, start_date, end_date, customer_rating) values ('Mame', 'Clowser', '43 Roth Parkway', 'Wilmington', 'Delaware', '19886', '302-760-6351', 'mclowser3r@goo.gl', '2019-10-21', '5002350320569086', 3, '2021-03-25', '2023-01-07', 2);
insert into Customer (first_name, last_name, address, city, state, zip_code, telephone, email, create_cust_date, credit_card, plan_number, start_date, end_date, customer_rating) values ('Meade', 'Lupson', '282 Dryden Park', 'Washington', 'District of Columbia', '20508', '202-438-9705', 'mlupson3s@zimbio.com', '2021-10-19', '5007663169821268', 4, '2019-11-29', '2023-05-28', 2);
insert into Customer (first_name, last_name, address, city, state, zip_code, telephone, email, create_cust_date, credit_card, plan_number, start_date, end_date, customer_rating) values ('Kellsie', 'Antonoyev', '2 Utah Way', 'Cincinnati', 'Ohio', '45233', '513-201-4871', 'kantonoyev3t@hp.com', '2017-07-10', '5010126206345027', 1, '2017-11-24', '2022-12-05', 5);
insert into Customer (first_name, last_name, address, city, state, zip_code, telephone, email, create_cust_date, credit_card, plan_number, start_date, end_date, customer_rating) values ('Duff', 'Bartalin', '20 Hollow Ridge Street', 'Corona', 'California', '92883', '951-377-2438', 'dbartalin3u@opensource.org', '2019-06-14', '5007664153046003', 1, '2020-03-18', '2024-01-24', 1);
insert into Customer (first_name, last_name, address, city, state, zip_code, telephone, email, create_cust_date, credit_card, plan_number, start_date, end_date, customer_rating) values ('Alaster', 'Killingbeck', '1 Packers Street', 'Colorado Springs', 'Colorado', '80951', '719-991-7994', 'akillingbeck3v@comcast.net', '2017-12-17', '5007665744889058', 3, '2018-10-26', '2023-12-23', 2);
insert into Customer (first_name, last_name, address, city, state, zip_code, telephone, email, create_cust_date, credit_card, plan_number, start_date, end_date, customer_rating) values ('Benedetto', 'Baswall', '95804 Sundown Avenue', 'New Orleans', 'Louisiana', '70129', '504-402-5640', 'bbaswall3w@51.la', '2021-07-07', '5007664850573671', 2, '2022-05-16', '2023-06-24', 3);
insert into Customer (first_name, last_name, address, city, state, zip_code, telephone, email, create_cust_date, credit_card, plan_number, start_date, end_date, customer_rating) values ('Francois', 'Pideon', '9 Iowa Lane', 'Gainesville', 'Georgia', '30506', '678-299-3236', 'fpideon3x@wp.com', '2018-09-04', '5002357087889672', 1, '2018-07-08', '2023-06-20', 3);
insert into Customer (first_name, last_name, address, city, state, zip_code, telephone, email, create_cust_date, credit_card, plan_number, start_date, end_date, customer_rating) values ('Guglielmo', 'McGinny', '00 Mifflin Plaza', 'Austin', 'Texas', '78744', '361-321-3801', 'gmcginny3y@g.co', '2020-05-13', '5010123808599309', 3, '2020-08-03', '2024-01-24', 1);
insert into Customer (first_name, last_name, address, city, state, zip_code, telephone, email, create_cust_date, credit_card, plan_number, start_date, end_date, customer_rating) values ('Starla', 'Wyer', '1 Dahle Place', 'Charleston', 'South Carolina', '29411', '843-935-4245', 'swyer3z@etsy.com', '2016-12-31', '372301580720235', 3, '2017-01-07', '2024-02-12', 3);
insert into Customer (first_name, last_name, address, city, state, zip_code, telephone, email, create_cust_date, credit_card, plan_number, start_date, end_date, customer_rating) values ('Fletch', 'Leitch', '135 Macpherson Plaza', 'Fort Wayne', 'Indiana', '46857', '260-345-8280', 'fleitch40@blogs.com', '2021-09-23', '5007665742957923', 2, '2021-01-18', '2023-04-13', 2);
insert into Customer (first_name, last_name, address, city, state, zip_code, telephone, email, create_cust_date, credit_card, plan_number, start_date, end_date, customer_rating) values ('Hasty', 'Casbon', '7714 Canary Drive', 'Cincinnati', 'Ohio', '45271', '513-221-7275', 'hcasbon41@360.cn', '2019-02-23', '372301647238692', 4, '2022-03-09', '2023-11-21', 1);
insert into Customer (first_name, last_name, address, city, state, zip_code, telephone, email, create_cust_date, credit_card, plan_number, start_date, end_date, customer_rating) values ('Ciel', 'Saunders', '321 Dakota Park', 'Rochester', 'New York', '14646', '585-253-7448', 'csaunders42@xing.com', '2022-07-29', '5002352393017217', 3, '2022-10-09', '2023-11-19', 2);
insert into Customer (first_name, last_name, address, city, state, zip_code, telephone, email, create_cust_date, credit_card, plan_number, start_date, end_date, customer_rating) values ('Ginevra', 'Tschirschky', '59 Oxford Parkway', 'Fort Worth', 'Texas', '76115', '682-447-3860', 'gtschirschky43@lulu.com', '2022-05-14', '5007660654195141', 1, '2018-04-27', '2023-05-06', 3);
insert into Customer (first_name, last_name, address, city, state, zip_code, telephone, email, create_cust_date, credit_card, plan_number, start_date, end_date, customer_rating) values ('Harmonia', 'Dorgan', '4 La Follette Street', 'Frankfort', 'Kentucky', '40618', '502-700-0345', 'hdorgan44@ebay.com', '2020-03-17', '5010128844477873', 4, '2017-08-25', '2023-07-11', 5);
insert into Customer (first_name, last_name, address, city, state, zip_code, telephone, email, create_cust_date, credit_card, plan_number, start_date, end_date, customer_rating) values ('Galvan', 'Wilstead', '3 Veith Plaza', 'El Paso', 'Texas', '88525', '915-163-7504', 'gwilstead45@cam.ac.uk', '2020-05-25', '372301918172356', 2, '2020-02-04', '2023-10-20', 5);
insert into Customer (first_name, last_name, address, city, state, zip_code, telephone, email, create_cust_date, credit_card, plan_number, start_date, end_date, customer_rating) values ('Cyrill', 'Petrenko', '661 Oak Court', 'Houston', 'Texas', '77085', '713-159-8927', 'cpetrenko46@usatoday.com', '2018-10-25', '5007665784222939', 4, '2021-02-21', '2024-01-28', 4);
insert into Customer (first_name, last_name, address, city, state, zip_code, telephone, email, create_cust_date, credit_card, plan_number, start_date, end_date, customer_rating) values ('Tiffani', 'Pinkett', '364 Birchwood Hill', 'San Angelo', 'Texas', '76905', '325-305-4173', 'tpinkett47@state.gov', '2017-02-27', '5007664451987791', 4, '2018-07-20', '2023-09-21', 1);
insert into Customer (first_name, last_name, address, city, state, zip_code, telephone, email, create_cust_date, credit_card, plan_number, start_date, end_date, customer_rating) values ('Lee', 'Purkess', '0 Fieldstone Crossing', 'Jefferson City', 'Missouri', '65110', '573-775-3831', 'lpurkess48@ft.com', '2020-09-22', '5007662044574704', 3, '2019-11-20', '2023-02-06', 2);
insert into Customer (first_name, last_name, address, city, state, zip_code, telephone, email, create_cust_date, credit_card, plan_number, start_date, end_date, customer_rating) values ('Hashim', 'Sermin', '084 Rutledge Way', 'South Lake Tahoe', 'California', '96154', '530-928-4375', 'hsermin49@a8.net', '2017-10-01', '5002353349124008', 1, '2019-11-12', '2023-11-07', 4);
insert into Customer (first_name, last_name, address, city, state, zip_code, telephone, email, create_cust_date, credit_card, plan_number, start_date, end_date, customer_rating) values ('Elberta', 'Dakin', '7 Arapahoe Avenue', 'Saginaw', 'Michigan', '48604', '989-471-5393', 'edakin4a@infoseek.co.jp', '2021-04-05', '5010125594318315', 3, '2022-07-12', '2023-06-06', 1);
insert into Customer (first_name, last_name, address, city, state, zip_code, telephone, email, create_cust_date, credit_card, plan_number, start_date, end_date, customer_rating) values ('Roy', 'Dineges', '46845 Eagle Crest Pass', 'Louisville', 'Kentucky', '40215', '502-609-9856', 'rdineges4b@vinaora.com', '2022-06-08', '5010124832297712', 3, '2019-10-23', '2023-11-21', 3);
insert into Customer (first_name, last_name, address, city, state, zip_code, telephone, email, create_cust_date, credit_card, plan_number, start_date, end_date, customer_rating) values ('Keary', 'McGettrick', '47504 Pawling Parkway', 'Charleston', 'West Virginia', '25313', '304-174-4400', 'kmcgettrick4c@vkontakte.ru', '2020-11-08', '5010121994117688', 2, '2019-10-31', '2023-05-19', 4);
insert into Customer (first_name, last_name, address, city, state, zip_code, telephone, email, create_cust_date, credit_card, plan_number, start_date, end_date, customer_rating) values ('Marlow', 'Revell', '9271 Algoma Drive', 'Minneapolis', 'Minnesota', '55448', '763-446-7307', 'mrevell4d@plala.or.jp', '2018-02-20', '372301074076839', 4, '2021-12-15', '2023-08-09', 5);
insert into Customer (first_name, last_name, address, city, state, zip_code, telephone, email, create_cust_date, credit_card, plan_number, start_date, end_date, customer_rating) values ('Pacorro', 'Dwelley', '3 Carioca Alley', 'Midland', 'Michigan', '48670', '989-483-1256', 'pdwelley4e@businessinsider.com', '2017-03-13', '372301367878883', 3, '2018-10-20', '2023-02-14', 1);
insert into Customer (first_name, last_name, address, city, state, zip_code, telephone, email, create_cust_date, credit_card, plan_number, start_date, end_date, customer_rating) values ('Forrester', 'Thuillier', '9674 Upham Place', 'Albuquerque', 'New Mexico', '87140', '505-165-8586', 'fthuillier4f@cnet.com', '2020-04-20', '5007662843809269', 1, '2022-05-23', '2023-04-04', 2);
insert into Customer (first_name, last_name, address, city, state, zip_code, telephone, email, create_cust_date, credit_card, plan_number, start_date, end_date, customer_rating) values ('Heloise', 'Bartosek', '6693 Aberg Junction', 'Worcester', 'Massachusetts', '01605', '508-834-3400', 'hbartosek4g@cmu.edu', '2020-12-28', '372301001718925', 2, '2016-12-08', '2023-03-08', 5);
insert into Customer (first_name, last_name, address, city, state, zip_code, telephone, email, create_cust_date, credit_card, plan_number, start_date, end_date, customer_rating) values ('Edan', 'Tynnan', '9 Arapahoe Alley', 'Lansing', 'Michigan', '48956', '517-758-1256', 'etynnan4h@apache.org', '2021-03-06', '5007669472892839', 4, '2019-07-15', '2022-11-30', 5);
insert into Customer (first_name, last_name, address, city, state, zip_code, telephone, email, create_cust_date, credit_card, plan_number, start_date, end_date, customer_rating) values ('Vanna', 'Roskelly', '24 Northview Hill', 'Baltimore', 'Maryland', '21265', '410-334-8915', 'vroskelly4i@chicagotribune.com', '2017-11-06', '372301436769931', 4, '2021-06-26', '2023-02-20', 4);
insert into Customer (first_name, last_name, address, city, state, zip_code, telephone, email, create_cust_date, credit_card, plan_number, start_date, end_date, customer_rating) values ('Elfie', 'Grigoryev', '92488 Hagan Pass', 'Louisville', 'Kentucky', '40280', '502-198-2790', 'egrigoryev4j@goodreads.com', '2022-03-09', '372301913426948', 2, '2020-05-13', '2023-08-25', 5);
insert into Customer (first_name, last_name, address, city, state, zip_code, telephone, email, create_cust_date, credit_card, plan_number, start_date, end_date, customer_rating) values ('Lindsey', 'Dolton', '2 Burrows Way', 'Virginia Beach', 'Virginia', '23459', '757-990-0860', 'ldolton4k@elpais.com', '2019-02-09', '5002355792090362', 4, '2017-04-20', '2023-12-01', 2);
insert into Customer (first_name, last_name, address, city, state, zip_code, telephone, email, create_cust_date, credit_card, plan_number, start_date, end_date, customer_rating) values ('Jard', 'Kalinke', '8 Northland Center', 'Waco', 'Texas', '76705', '254-989-9000', 'jkalinke4l@list-manage.com', '2022-04-06', '5002353661649236', 3, '2021-11-20', '2023-10-12', 5);
insert into Customer (first_name, last_name, address, city, state, zip_code, telephone, email, create_cust_date, credit_card, plan_number, start_date, end_date, customer_rating) values ('Artemas', 'O'' Reagan', '7 Delladonna Park', 'Omaha', 'Nebraska', '68134', '402-993-2469', 'aoreagan4m@ucsd.edu', '2022-07-28', '5007668628214583', 3, '2021-03-27', '2023-02-21', 1);
insert into Customer (first_name, last_name, address, city, state, zip_code, telephone, email, create_cust_date, credit_card, plan_number, start_date, end_date, customer_rating) values ('Callie', 'Maciejak', '58 Rusk Point', 'New Haven', 'Connecticut', '06505', '203-507-6580', 'cmaciejak4n@furl.net', '2017-10-16', '5010125734942321', 4, '2018-12-02', '2023-02-12', 5);
insert into Customer (first_name, last_name, address, city, state, zip_code, telephone, email, create_cust_date, credit_card, plan_number, start_date, end_date, customer_rating) values ('Twila', 'Cottingham', '407 Westridge Point', 'Chico', 'California', '95973', '916-786-0675', 'tcottingham4o@hp.com', '2019-05-07', '5007669987052770', 4, '2020-03-27', '2023-01-13', 5);
insert into Customer (first_name, last_name, address, city, state, zip_code, telephone, email, create_cust_date, credit_card, plan_number, start_date, end_date, customer_rating) values ('Lorain', 'Huby', '4 Aberg Park', 'Lansing', 'Michigan', '48919', '517-448-3534', 'lhuby4p@economist.com', '2022-07-23', '5010127050549813', 4, '2017-04-30', '2023-03-15', 4);
insert into Customer (first_name, last_name, address, city, state, zip_code, telephone, email, create_cust_date, credit_card, plan_number, start_date, end_date, customer_rating) values ('Fancie', 'Mattholie', '62250 Reinke Park', 'Albany', 'New York', '12262', '518-449-4888', 'fmattholie4q@wiley.com', '2019-02-01', '5007666408318913', 2, '2017-03-07', '2023-05-19', 4);
insert into Customer (first_name, last_name, address, city, state, zip_code, telephone, email, create_cust_date, credit_card, plan_number, start_date, end_date, customer_rating) values ('Shirlene', 'Stott', '771 Arrowood Court', 'Houston', 'Texas', '77266', '832-270-5265', 'sstott4r@japanpost.jp', '2017-09-14', '5002357081536063', 1, '2019-01-14', '2023-02-25', 3);
insert into Customer (first_name, last_name, address, city, state, zip_code, telephone, email, create_cust_date, credit_card, plan_number, start_date, end_date, customer_rating) values ('Benny', 'Grimditch', '69870 David Pass', 'Philadelphia', 'Pennsylvania', '19141', '215-272-8953', 'bgrimditch4s@cocolog-nifty.com', '2017-04-29', '5010129277636167', 3, '2021-01-10', '2024-02-13', 5);
insert into Customer (first_name, last_name, address, city, state, zip_code, telephone, email, create_cust_date, credit_card, plan_number, start_date, end_date, customer_rating) values ('Rozele', 'Rohlf', '5 Loftsgordon Court', 'New York City', 'New York', '10249', '212-272-1882', 'rrohlf4t@archive.org', '2022-11-04', '5010120663087396', 2, '2021-03-21', '2023-07-23', 4);
insert into Customer (first_name, last_name, address, city, state, zip_code, telephone, email, create_cust_date, credit_card, plan_number, start_date, end_date, customer_rating) values ('Serge', 'Robun', '432 Emmet Center', 'Santa Monica', 'California', '90405', '310-190-4127', 'srobun4u@pinterest.com', '2021-03-01', '372301894182619', 1, '2022-01-20', '2023-07-10', 1);
insert into Customer (first_name, last_name, address, city, state, zip_code, telephone, email, create_cust_date, credit_card, plan_number, start_date, end_date, customer_rating) values ('Fawnia', 'Accum', '89854 Sullivan Center', 'Denver', 'Colorado', '80228', '303-169-8230', 'faccum4v@redcross.org', '2021-01-04', '5007669132686951', 4, '2019-12-14', '2023-07-05', 2);
insert into Customer (first_name, last_name, address, city, state, zip_code, telephone, email, create_cust_date, credit_card, plan_number, start_date, end_date, customer_rating) values ('Isiahi', 'Jerrolt', '58 North Park', 'Fort Smith', 'Arkansas', '72916', '479-540-8084', 'ijerrolt4w@cocolog-nifty.com', '2017-12-20', '372301536079389', 2, '2018-07-02', '2023-03-25', 4);
insert into Customer (first_name, last_name, address, city, state, zip_code, telephone, email, create_cust_date, credit_card, plan_number, start_date, end_date, customer_rating) values ('Davine', 'Haverson', '16 Dahle Park', 'Atlanta', 'Georgia', '30340', '404-541-6952', 'dhaverson4x@lycos.com', '2020-05-09', '372301907127825', 1, '2020-02-15', '2022-11-05', 2);
insert into Customer (first_name, last_name, address, city, state, zip_code, telephone, email, create_cust_date, credit_card, plan_number, start_date, end_date, customer_rating) values ('Joshia', 'Gebuhr', '344 Esch Drive', 'Salt Lake City', 'Utah', '84130', '801-595-0390', 'jgebuhr4y@globo.com', '2019-05-17', '5007667202728646', 2, '2019-07-24', '2023-02-16', 3);
insert into Customer (first_name, last_name, address, city, state, zip_code, telephone, email, create_cust_date, credit_card, plan_number, start_date, end_date, customer_rating) values ('Tailor', 'Minifie', '71165 Sheridan Lane', 'Portsmouth', 'New Hampshire', '03804', '603-433-3449', 'tminifie4z@tripod.com', '2017-07-25', '5010121216170721', 2, '2018-02-12', '2023-08-30', 4);
insert into Customer (first_name, last_name, address, city, state, zip_code, telephone, email, create_cust_date, credit_card, plan_number, start_date, end_date, customer_rating) values ('Odie', 'Sokill', '238 Hayes Junction', 'Memphis', 'Tennessee', '38150', '901-978-1467', 'osokill50@timesonline.co.uk', '2019-08-03', '5007663083791563', 4, '2021-03-12', '2023-01-25', 2);
insert into Customer (first_name, last_name, address, city, state, zip_code, telephone, email, create_cust_date, credit_card, plan_number, start_date, end_date, customer_rating) values ('Riordan', 'Lindenfeld', '57 Banding Terrace', 'Lansing', 'Michigan', '48912', '517-191-9781', 'rlindenfeld51@ezinearticles.com', '2018-11-02', '5002353645524919', 2, '2018-09-01', '2023-01-02', 3);
insert into Customer (first_name, last_name, address, city, state, zip_code, telephone, email, create_cust_date, credit_card, plan_number, start_date, end_date, customer_rating) values ('Portie', 'Axford', '80123 Cody Center', 'Washington', 'District of Columbia', '20425', '202-529-6423', 'paxford52@wired.com', '2019-04-08', '372301973573365', 3, '2018-11-25', '2023-09-16', 2);
insert into Customer (first_name, last_name, address, city, state, zip_code, telephone, email, create_cust_date, credit_card, plan_number, start_date, end_date, customer_rating) values ('Betti', 'Costain', '3946 Transport Parkway', 'Hollywood', 'Florida', '33028', '305-793-8877', 'bcostain53@rediff.com', '2019-09-04', '372301690396413', 3, '2021-05-07', '2023-04-04', 4);
insert into Customer (first_name, last_name, address, city, state, zip_code, telephone, email, create_cust_date, credit_card, plan_number, start_date, end_date, customer_rating) values ('Glennis', 'MacLaren', '02 Arrowood Circle', 'Nashville', 'Tennessee', '37228', '615-205-6026', 'gmaclaren54@princeton.edu', '2017-07-08', '372301550912929', 2, '2019-04-16', '2023-02-27', 4);
insert into Customer (first_name, last_name, address, city, state, zip_code, telephone, email, create_cust_date, credit_card, plan_number, start_date, end_date, customer_rating) values ('Cchaddie', 'Devas', '26 Carberry Crossing', 'San Antonio', 'Texas', '78285', '210-375-9581', 'cdevas55@tripod.com', '2019-08-24', '5007665910736869', 3, '2019-07-10', '2022-12-29', 3);
insert into Customer (first_name, last_name, address, city, state, zip_code, telephone, email, create_cust_date, credit_card, plan_number, start_date, end_date, customer_rating) values ('Terrance', 'Farlow', '06247 Dexter Terrace', 'Gainesville', 'Florida', '32610', '352-101-7445', 'tfarlow56@unesco.org', '2019-10-02', '5002356627445250', 2, '2018-09-14', '2023-01-10', 4);
insert into Customer (first_name, last_name, address, city, state, zip_code, telephone, email, create_cust_date, credit_card, plan_number, start_date, end_date, customer_rating) values ('Crista', 'Radmer', '652 Ridgeway Terrace', 'Pittsburgh', 'Pennsylvania', '15250', '412-324-5445', 'cradmer57@miitbeian.gov.cn', '2021-05-14', '372301902457987', 4, '2020-05-04', '2023-07-04', 5);
insert into Customer (first_name, last_name, address, city, state, zip_code, telephone, email, create_cust_date, credit_card, plan_number, start_date, end_date, customer_rating) values ('Cassey', 'Ketchell', '01955 Oneill Terrace', 'Washington', 'District of Columbia', '20503', '202-240-2846', 'cketchell58@drupal.org', '2022-07-03', '5010120252614873', 4, '2020-06-01', '2023-08-05', 1);
insert into Customer (first_name, last_name, address, city, state, zip_code, telephone, email, create_cust_date, credit_card, plan_number, start_date, end_date, customer_rating) values ('Pincas', 'Zammett', '4 Westerfield Circle', 'Dallas', 'Texas', '75210', '469-871-1921', 'pzammett59@chicagotribune.com', '2018-10-30', '5002357279025069', 3, '2019-09-13', '2023-12-28', 2);
insert into Customer (first_name, last_name, address, city, state, zip_code, telephone, email, create_cust_date, credit_card, plan_number, start_date, end_date, customer_rating) values ('Marcie', 'Stoggell', '0566 Del Sol Lane', 'Louisville', 'Kentucky', '40225', '502-427-0805', 'mstoggell5a@oaic.gov.au', '2017-11-20', '372301755663442', 3, '2017-11-04', '2023-07-06', 2);
insert into Customer (first_name, last_name, address, city, state, zip_code, telephone, email, create_cust_date, credit_card, plan_number, start_date, end_date, customer_rating) values ('Ricard', 'Smeal', '18864 Debs Place', 'Richmond', 'Virginia', '23289', '804-468-9089', 'rsmeal5b@army.mil', '2018-01-31', '5007662929560208', 3, '2022-10-19', '2023-03-26', 3);
insert into Customer (first_name, last_name, address, city, state, zip_code, telephone, email, create_cust_date, credit_card, plan_number, start_date, end_date, customer_rating) values ('Eirena', 'Dawidowicz', '274 Walton Way', 'Inglewood', 'California', '90305', '310-434-6675', 'edawidowicz5c@g.co', '2019-10-07', '5007666006935829', 2, '2022-07-31', '2023-02-27', 4);
insert into Customer (first_name, last_name, address, city, state, zip_code, telephone, email, create_cust_date, credit_card, plan_number, start_date, end_date, customer_rating) values ('Selene', 'Lafaye', '92759 Gale Place', 'Saint Petersburg', 'Florida', '33715', '727-755-3250', 'slafaye5d@blogtalkradio.com', '2018-04-24', '372301033596208', 2, '2019-07-23', '2023-04-20', 3);
insert into Customer (first_name, last_name, address, city, state, zip_code, telephone, email, create_cust_date, credit_card, plan_number, start_date, end_date, customer_rating) values ('Talyah', 'Sebastian', '60244 Buena Vista Alley', 'South Bend', 'Indiana', '46699', '574-598-1153', 'tsebastian5e@facebook.com', '2017-06-04', '5002352351580404', 4, '2018-03-24', '2024-01-12', 2);
insert into Customer (first_name, last_name, address, city, state, zip_code, telephone, email, create_cust_date, credit_card, plan_number, start_date, end_date, customer_rating) values ('Myrtice', 'Aspy', '500 Waxwing Center', 'High Point', 'North Carolina', '27264', '336-729-6017', 'maspy5f@springer.com', '2019-01-30', '5002353832559462', 4, '2019-05-20', '2023-08-22', 4);
insert into Customer (first_name, last_name, address, city, state, zip_code, telephone, email, create_cust_date, credit_card, plan_number, start_date, end_date, customer_rating) values ('Jard', 'Lush', '5 Hallows Drive', 'Baltimore', 'Maryland', '21229', '443-662-1045', 'jlush5g@youku.com', '2018-04-24', '372301548085192', 3, '2017-03-26', '2023-02-25', 3);
insert into Customer (first_name, last_name, address, city, state, zip_code, telephone, email, create_cust_date, credit_card, plan_number, start_date, end_date, customer_rating) values ('Patricio', 'Daybell', '85301 Tony Junction', 'Atlanta', 'Georgia', '30328', '678-249-7494', 'pdaybell5h@fda.gov', '2021-12-15', '5002354237371040', 2, '2022-09-24', '2022-11-09', 3);
insert into Customer (first_name, last_name, address, city, state, zip_code, telephone, email, create_cust_date, credit_card, plan_number, start_date, end_date, customer_rating) values ('Guilbert', 'Howsden', '21709 Mosinee Trail', 'Reading', 'Pennsylvania', '19605', '484-981-9944', 'ghowsden5i@mac.com', '2020-11-09', '5010122048369119', 1, '2018-12-11', '2023-09-25', 2);
insert into Customer (first_name, last_name, address, city, state, zip_code, telephone, email, create_cust_date, credit_card, plan_number, start_date, end_date, customer_rating) values ('Imogen', 'Bulward', '68 Chinook Trail', 'Greensboro', 'North Carolina', '27499', '336-636-0135', 'ibulward5j@stumbleupon.com', '2018-03-21', '372301093569301', 4, '2017-01-28', '2023-07-12', 4);

insert into Genre (type_of_movie) values ('Action');
insert into Genre (type_of_movie) values ('Adventure');
insert into Genre (type_of_movie) values ('Animated');
insert into Genre (type_of_movie) values ('Comedy');
insert into Genre (type_of_movie) values ('Drama');
insert into Genre (type_of_movie) values ('Fantasy');
insert into Genre (type_of_movie) values ('Historical');
insert into Genre (type_of_movie) values ('Horror');
insert into Genre (type_of_movie) values ('Romance');
insert into Genre (type_of_movie) values ('Thriller');
insert into Genre (type_of_movie) values ('Western');
insert into Genre (type_of_movie) values ('Sci-Fi');

insert into Movie_type (movie_id, type_of_movie) values (40, 'Adventure');
insert into Movie_type (movie_id, type_of_movie) values (40, 'Thriller');
insert into Movie_type (movie_id, type_of_movie) values (47, 'Animated');
insert into Movie_type (movie_id, type_of_movie) values (35, 'Action');
insert into Movie_type (movie_id, type_of_movie) values (48, 'Animated');
insert into Movie_type (movie_id, type_of_movie) values (22, 'Thriller');
insert into Movie_type (movie_id, type_of_movie) values (5, 'Romance');
insert into Movie_type (movie_id, type_of_movie) values (1, 'Animated');
insert into Movie_type (movie_id, type_of_movie) values (51, 'Action');
insert into Movie_type (movie_id, type_of_movie) values (58, 'Horror');
insert into Movie_type (movie_id, type_of_movie) values (48, 'Historical');
insert into Movie_type (movie_id, type_of_movie) values (4, 'Horror');
insert into Movie_type (movie_id, type_of_movie) values (6, 'Animated');
insert into Movie_type (movie_id, type_of_movie) values (64, 'Animated');
insert into Movie_type (movie_id, type_of_movie) values (35, 'Western');
insert into Movie_type (movie_id, type_of_movie) values (5, 'Historical');
insert into Movie_type (movie_id, type_of_movie) values (27, 'Historical');
insert into Movie_type (movie_id, type_of_movie) values (21, 'Western');
insert into Movie_type (movie_id, type_of_movie) values (14, 'Horror');
insert into Movie_type (movie_id, type_of_movie) values (61, 'Western');
insert into Movie_type (movie_id, type_of_movie) values (13, 'Horror');
insert into Movie_type (movie_id, type_of_movie) values (56, 'Horror');
insert into Movie_type (movie_id, type_of_movie) values (43, 'Animated');
insert into Movie_type (movie_id, type_of_movie) values (49, 'Action');
insert into Movie_type (movie_id, type_of_movie) values (34, 'Action');
insert into Movie_type (movie_id, type_of_movie) values (23, 'Romance');
insert into Movie_type (movie_id, type_of_movie) values (20, 'Comedy');
insert into Movie_type (movie_id, type_of_movie) values (55, 'Thriller');
insert into Movie_type (movie_id, type_of_movie) values (11, 'Historical');
insert into Movie_type (movie_id, type_of_movie) values (9, 'Fantasy');
insert into Movie_type (movie_id, type_of_movie) values (30, 'Thriller');
insert into Movie_type (movie_id, type_of_movie) values (66, 'Romance');
insert into Movie_type (movie_id, type_of_movie) values (43, 'Thriller');
insert into Movie_type (movie_id, type_of_movie) values (32, 'Sci-Fi');
insert into Movie_type (movie_id, type_of_movie) values (4, 'Western');
insert into Movie_type (movie_id, type_of_movie) values (35, 'Thriller');
insert into Movie_type (movie_id, type_of_movie) values (62, 'Action');
insert into Movie_type (movie_id, type_of_movie) values (65, 'Horror');
insert into Movie_type (movie_id, type_of_movie) values (57, 'Thriller');
insert into Movie_type (movie_id, type_of_movie) values (28, 'Comedy');
insert into Movie_type (movie_id, type_of_movie) values (61, 'Comedy');
insert into Movie_type (movie_id, type_of_movie) values (43, 'Historical');
insert into Movie_type (movie_id, type_of_movie) values (9, 'Sci-Fi');
insert into Movie_type (movie_id, type_of_movie) values (22, 'Fantasy');
insert into Movie_type (movie_id, type_of_movie) values (17, 'Thriller');
insert into Movie_type (movie_id, type_of_movie) values (30, 'Historical');
insert into Movie_type (movie_id, type_of_movie) values (42, 'Thriller');
insert into Movie_type (movie_id, type_of_movie) values (17, 'Adventure');
insert into Movie_type (movie_id, type_of_movie) values (59, 'Animated');
insert into Movie_type (movie_id, type_of_movie) values (67, 'Drama');
insert into Movie_type (movie_id, type_of_movie) values (68, 'Romance');
insert into Movie_type (movie_id, type_of_movie) values (32, 'Adventure');
insert into Movie_type (movie_id, type_of_movie) values (29, 'Horror');
insert into Movie_type (movie_id, type_of_movie) values (15, 'Comedy');
insert into Movie_type (movie_id, type_of_movie) values (63, 'Action');
insert into Movie_type (movie_id, type_of_movie) values (70, 'Horror');
insert into Movie_type (movie_id, type_of_movie) values (24, 'Comedy');
insert into Movie_type (movie_id, type_of_movie) values (64, 'Western');
insert into Movie_type (movie_id, type_of_movie) values (22, 'Sci-Fi');
insert into Movie_type (movie_id, type_of_movie) values (30, 'Adventure');
insert into Movie_type (movie_id, type_of_movie) values (19, 'Drama');
insert into Movie_type (movie_id, type_of_movie) values (4, 'Drama');
insert into Movie_type (movie_id, type_of_movie) values (31, 'Romance');
insert into Movie_type (movie_id, type_of_movie) values (38, 'Adventure');
insert into Movie_type (movie_id, type_of_movie) values (54, 'Romance');
insert into Movie_type (movie_id, type_of_movie) values (46, 'Animated');
insert into Movie_type (movie_id, type_of_movie) values (63, 'Sci-Fi');
insert into Movie_type (movie_id, type_of_movie) values (37, 'Action');
insert into Movie_type (movie_id, type_of_movie) values (35, 'Sci-Fi');
insert into Movie_type (movie_id, type_of_movie) values (70, 'Action');
insert into Movie_type (movie_id, type_of_movie) values (31, 'Historical');
insert into Movie_type (movie_id, type_of_movie) values (50, 'Thriller');
insert into Movie_type (movie_id, type_of_movie) values (20, 'Horror');
insert into Movie_type (movie_id, type_of_movie) values (53, 'Thriller');
insert into Movie_type (movie_id, type_of_movie) values (47, 'Adventure');
insert into Movie_type (movie_id, type_of_movie) values (11, 'Fantasy');
insert into Movie_type (movie_id, type_of_movie) values (6, 'Sci-Fi');
insert into Movie_type (movie_id, type_of_movie) values (32, 'Historical');
insert into Movie_type (movie_id, type_of_movie) values (2, 'Animated');
insert into Movie_type (movie_id, type_of_movie) values (32, 'Drama');
insert into Movie_type (movie_id, type_of_movie) values (14, 'Sci-Fi');
insert into Movie_type (movie_id, type_of_movie) values (1, 'Western');
insert into Movie_type (movie_id, type_of_movie) values (62, 'Historical');
insert into Movie_type (movie_id, type_of_movie) values (51, 'Animated');
insert into Movie_type (movie_id, type_of_movie) values (21, 'Horror');
insert into Movie_type (movie_id, type_of_movie) values (33, 'Sci-Fi');
insert into Movie_type (movie_id, type_of_movie) values (35, 'Historical');
insert into Movie_type (movie_id, type_of_movie) values (53, 'Sci-Fi');
insert into Movie_type (movie_id, type_of_movie) values (54, 'Thriller');
insert into Movie_type (movie_id, type_of_movie) values (49, 'Comedy');
insert into Movie_type (movie_id, type_of_movie) values (25, 'Drama');
insert into Movie_type (movie_id, type_of_movie) values (11, 'Horror');
insert into Movie_type (movie_id, type_of_movie) values (39, 'Fantasy');
insert into Movie_type (movie_id, type_of_movie) values (46, 'Drama');
insert into Movie_type (movie_id, type_of_movie) values (36, 'Animated');
insert into Movie_type (movie_id, type_of_movie) values (52, 'Comedy');
insert into Movie_type (movie_id, type_of_movie) values (14, 'Adventure');
insert into Movie_type (movie_id, type_of_movie) values (66, 'Animated');
insert into Movie_type (movie_id, type_of_movie) values (28, 'Historical');
insert into Movie_type (movie_id, type_of_movie) values (12, 'Drama');
insert into Movie_type (movie_id, type_of_movie) values (61, 'Animated');
insert into Movie_type (movie_id, type_of_movie) values (44, 'Adventure');
insert into Movie_type (movie_id, type_of_movie) values (41, 'Sci-Fi');
insert into Movie_type (movie_id, type_of_movie) values (16, 'Action');
insert into Movie_type (movie_id, type_of_movie) values (58, 'Drama');
insert into Movie_type (movie_id, type_of_movie) values (10, 'Romance');
insert into Movie_type (movie_id, type_of_movie) values (64, 'Historical');
insert into Movie_type (movie_id, type_of_movie) values (52, 'Sci-Fi');
insert into Movie_type (movie_id, type_of_movie) values (45, 'Romance');
insert into Movie_type (movie_id, type_of_movie) values (56, 'Sci-Fi');
insert into Movie_type (movie_id, type_of_movie) values (25, 'Horror');
insert into Movie_type (movie_id, type_of_movie) values (51, 'Fantasy');
insert into Movie_type (movie_id, type_of_movie) values (59, 'Horror');
insert into Movie_type (movie_id, type_of_movie) values (34, 'Thriller');
insert into Movie_type (movie_id, type_of_movie) values (4, 'Sci-Fi');
insert into Movie_type (movie_id, type_of_movie) values (58, 'Adventure');
insert into Movie_type (movie_id, type_of_movie) values (70, 'Historical');
insert into Movie_type (movie_id, type_of_movie) values (9, 'Comedy');
insert into Movie_type (movie_id, type_of_movie) values (38, 'Historical');
insert into Movie_type (movie_id, type_of_movie) values (60, 'Adventure');
insert into Movie_type (movie_id, type_of_movie) values (66, 'Comedy');
insert into Movie_type (movie_id, type_of_movie) values (16, 'Adventure');
insert into Movie_type (movie_id, type_of_movie) values (38, 'Horror');
insert into Movie_type (movie_id, type_of_movie) values (22, 'Animated');
insert into Movie_type (movie_id, type_of_movie) values (32, 'Western');
insert into Movie_type (movie_id, type_of_movie) values (69, 'Sci-Fi');
insert into Movie_type (movie_id, type_of_movie) values (61, 'Drama');
insert into Movie_type (movie_id, type_of_movie) values (70, 'Adventure');
insert into Movie_type (movie_id, type_of_movie) values (55, 'Horror');
insert into Movie_type (movie_id, type_of_movie) values (42, 'Horror');
insert into Movie_type (movie_id, type_of_movie) values (35, 'Comedy');
insert into Movie_type (movie_id, type_of_movie) values (42, 'Sci-Fi');
insert into Movie_type (movie_id, type_of_movie) values (25, 'Action');
insert into Movie_type (movie_id, type_of_movie) values (56, 'Animated');
insert into Movie_type (movie_id, type_of_movie) values (15, 'Historical');
insert into Movie_type (movie_id, type_of_movie) values (57, 'Sci-Fi');


insert into Orders (movie_id, copy_id, order_placed_time, start_datetime, end_datetime, account_number) values (27, 1, '2022-11-30', '2022-12-01', '2022-12-10', 1);
insert into Orders (movie_id, copy_id, order_placed_time, start_datetime, end_datetime, account_number) values (5, 5, '2022-11-30', '2022-12-01', '2022-12-10', 1);
insert into Orders (movie_id, copy_id, order_placed_time, start_datetime, end_datetime, account_number) values (33, 2, '2022-11-30', '2022-12-01', '2022-12-09', 2);
insert into Orders (movie_id, copy_id, order_placed_time, start_datetime, end_datetime, account_number) values (12, 6, '2022-11-30', '2022-12-01', '2022-12-09', 2);
insert into Orders (movie_id, copy_id, order_placed_time, start_datetime, end_datetime, account_number) values (6, 7, '2022-11-30', '2022-12-01', '2022-12-10', 2);
insert into Orders (movie_id, copy_id, order_placed_time, start_datetime, end_datetime, account_number) values (65, 8, '2022-11-30', '2022-12-09', '2022-12-15', 2);
insert into Orders (movie_id, copy_id, order_placed_time, start_datetime, end_datetime, account_number) values (9, 3, '2022-11-30', '2022-12-01', '2022-12-04', 9);
insert into Orders (movie_id, copy_id, order_placed_time, start_datetime, end_datetime, account_number) values (46, 4, '2022-11-30', '2022-12-04', '2022-12-07', 9);
insert into Orders (movie_id, copy_id, order_placed_time, start_datetime, end_datetime, account_number) values (9, 3, '2022-11-30', '2022-12-09', '2022-12-15', 2);
insert into Orders (movie_id, copy_id, order_placed_time, start_datetime, end_datetime, account_number) values (46, 4, '2022-11-30', '2022-12-10', '2022-12-15', 2);
insert into Orders (movie_id, copy_id, order_placed_time, start_datetime, end_datetime, account_number) values (27, 10, '2022-11-30', '2022-12-01', '2022-12-31', 3);


--1 is at the limit for any movies from 1-10 dec (two total at any time)
--2 is at the limit for any movies from 1-9 dec, two are placed right after 2 expire on the 9th (3 at any time), one expires on the 10th, then they will have 3 till the 15th
--3 is at the limit for any movies for 1-31 dec, one is placed, and he got it for 30 days, he did a max take out
--9 cant have anymore movies for the month (dec)
--2 takes out movies that 9 did eariler on
