use movies;

insert into Actors (actor_id, first_name, last_name, gender, age) values (1, 'Chloris', 'Flack', 'Female', 100);
insert into Actors (actor_id, first_name, last_name, gender, age) values (2, 'Cy', 'King', 'Male', 79);
insert into Actors (actor_id, first_name, last_name, gender, age) values (3, 'Wain', 'Redhead', 'Male', 42);
insert into Actors (actor_id, first_name, last_name, gender, age) values (4, 'Louie', 'Handmore', 'Male', 52);
insert into Actors (actor_id, first_name, last_name, gender, age) values (5, 'Ottilie', 'Beddingham', 'Female', 59);
insert into Actors (actor_id, first_name, last_name, gender, age) values (6, 'Foster', 'Silverstone', 'Male', 92);
insert into Actors (actor_id, first_name, last_name, gender, age) values (7, 'Jacquenette', 'Bracher', 'Female', 83);
insert into Actors (actor_id, first_name, last_name, gender, age) values (8, 'Cindy', 'Levy', 'Female', 82);
insert into Actors (actor_id, first_name, last_name, gender, age) values (9, 'Nadean', 'Julyan', 'Female', 77);
insert into Actors (actor_id, first_name, last_name, gender, age) values (10, 'Hamnet', 'Alloisi', 'Male', 73);
insert into Actors (actor_id, first_name, last_name, gender, age) values (11, 'Batsheva', 'Ewbanke', 'Female', 14);
insert into Actors (actor_id, first_name, last_name, gender, age) values (12, 'Loraine', 'Inglish', 'Female', 53);
insert into Actors (actor_id, first_name, last_name, gender, age) values (13, 'Tatiania', 'Glew', 'Female', 91);
insert into Actors (actor_id, first_name, last_name, gender, age) values (14, 'Briant', 'Copland', 'Male', 97);
insert into Actors (actor_id, first_name, last_name, gender, age) values (15, 'Andrew', 'Adolfson', 'Male', 52);
insert into Actors (actor_id, first_name, last_name, gender, age) values (16, 'Delaney', 'Hankins', 'Male', 60);
insert into Actors (actor_id, first_name, last_name, gender, age) values (17, 'Wendall', 'Kindread', 'Male', 46);
insert into Actors (actor_id, first_name, last_name, gender, age) values (18, 'Pascale', 'Drohun', 'Male', 39);
insert into Actors (actor_id, first_name, last_name, gender, age) values (19, 'Glenden', 'Narramor', 'Male', 60);
insert into Actors (actor_id, first_name, last_name, gender, age) values (20, 'Fields', 'Davidovics', 'Male', 80);
insert into Actors (actor_id, first_name, last_name, gender, age) values (21, 'Cherye', 'Marshal', 'Female', 65);
insert into Actors (actor_id, first_name, last_name, gender, age) values (22, 'Patrizia', 'Knappitt', 'Female', 87);
insert into Actors (actor_id, first_name, last_name, gender, age) values (23, 'Pearce', 'Crosskell', 'Male', 59);
insert into Actors (actor_id, first_name, last_name, gender, age) values (24, 'Hyacinthia', 'Gilfoyle', 'Female', 22);
insert into Actors (actor_id, first_name, last_name, gender, age) values (25, 'Inglebert', 'Czapla', 'Male', 24);
insert into Actors (actor_id, first_name, last_name, gender, age) values (26, 'Adele', 'Walliker', 'Bigender', 76);
insert into Actors (actor_id, first_name, last_name, gender, age) values (27, 'Darcy', 'Langcaster', 'Female', 97);
insert into Actors (actor_id, first_name, last_name, gender, age) values (28, 'Stillmann', 'Widdicombe', 'Male', 98);
insert into Actors (actor_id, first_name, last_name, gender, age) values (29, 'Wallis', 'Pearl', 'Male', 78);
insert into Actors (actor_id, first_name, last_name, gender, age) values (30, 'Mira', 'Kitteman', 'Female', 10);
insert into Actors (actor_id, first_name, last_name, gender, age) values (31, 'Trixi', 'Elt', 'Female', 88);
insert into Actors (actor_id, first_name, last_name, gender, age) values (32, 'Gabbie', 'Gissing', 'Male', 49);
insert into Actors (actor_id, first_name, last_name, gender, age) values (33, 'Rolf', 'Ryding', 'Male', 24);
insert into Actors (actor_id, first_name, last_name, gender, age) values (34, 'Augy', 'Angelo', 'Male', 99);
insert into Actors (actor_id, first_name, last_name, gender, age) values (35, 'Lowe', 'De L''Isle', 'Male', 80);
insert into Actors (actor_id, first_name, last_name, gender, age) values (36, 'Esma', 'Dishman', 'Female', 81);
insert into Actors (actor_id, first_name, last_name, gender, age) values (37, 'Frayda', 'Lilleman', 'Female', 23);
insert into Actors (actor_id, first_name, last_name, gender, age) values (38, 'Reube', 'Bidgod', 'Male', 12);
insert into Actors (actor_id, first_name, last_name, gender, age) values (39, 'Galvan', 'De Bernardi', 'Male', 33);
insert into Actors (actor_id, first_name, last_name, gender, age) values (40, 'Leopold', 'Brixey', 'Bigender', 27);

insert into Movie (movie_id, movie_name, distribution_fee) values (1, 'Graceland', 1295.64);
insert into Movie (movie_id, movie_name, distribution_fee) values (2, 'Born to Be Bad', 492594.0);
insert into Movie (movie_id, movie_name, distribution_fee) values (3, 'Wyatt Earp', 885262.89);
insert into Movie (movie_id, movie_name, distribution_fee) values (4, 'Clean and Sober', 547145.83);
insert into Movie (movie_id, movie_name, distribution_fee) values (5, 'Without a Paddle', 77728.44);
insert into Movie (movie_id, movie_name, distribution_fee) values (6, 'Trois', 247095.97);
insert into Movie (movie_id, movie_name, distribution_fee) values (7, 'Down to Earth', 857218.41);
insert into Movie (movie_id, movie_name, distribution_fee) values (8, 'Knights of the Round Table', 269518.14);
insert into Movie (movie_id, movie_name, distribution_fee) values (9, 'Bird', 468330.91);
insert into Movie (movie_id, movie_name, distribution_fee) values (10, 'In My Sleep', 508996.44);
insert into Movie (movie_id, movie_name, distribution_fee) values (11, 'Monsieur Lazhar', 346770.06);
insert into Movie (movie_id, movie_name, distribution_fee) values (12, 'Sylvia and the Ghost', 592215.2);
insert into Movie (movie_id, movie_name, distribution_fee) values (13, 'Deep Water', 749341.17);
insert into Movie (movie_id, movie_name, distribution_fee) values (14, 'Undercurrent', 505720.32);
insert into Movie (movie_id, movie_name, distribution_fee) values (15, 'Lucy', 186546.72);
insert into Movie (movie_id, movie_name, distribution_fee) values (16, 'Wonder Bar', 742406.16);
insert into Movie (movie_id, movie_name, distribution_fee) values (17, 'Catch That Kid', 482224.9);
insert into Movie (movie_id, movie_name, distribution_fee) values (18, '9to5: Days in Porn (a.k.a. 9 to 5: Days in Porn)', 713809.17);
insert into Movie (movie_id, movie_name, distribution_fee) values (19, 'Rocks in my Pockets', 394522.9);
insert into Movie (movie_id, movie_name, distribution_fee) values (20, 'Suomisen Olli yllättää', 863609.74);
insert into Movie (movie_id, movie_name, distribution_fee) values (21, 'To Sleep with Anger', 656912.88);
insert into Movie (movie_id, movie_name, distribution_fee) values (22, 'Confessions of a Dangerous Mind', 582346.09);
insert into Movie (movie_id, movie_name, distribution_fee) values (23, 'This Land Is Mine', 759026.7);
insert into Movie (movie_id, movie_name, distribution_fee) values (24, '.45', 967100.08);
insert into Movie (movie_id, movie_name, distribution_fee) values (25, 'Trailer Park Boys', 236061.44);
insert into Movie (movie_id, movie_name, distribution_fee) values (26, 'Set Me Free (Emporte-moi)', 463416.0);
insert into Movie (movie_id, movie_name, distribution_fee) values (27, 'Gathering, The', 645179.53);
insert into Movie (movie_id, movie_name, distribution_fee) values (28, 'Everest', 354475.06);
insert into Movie (movie_id, movie_name, distribution_fee) values (29, 'Ice Pirates, The', 234144.59);
insert into Movie (movie_id, movie_name, distribution_fee) values (30, 'Last Wedding, The (Kivenpyörittäjän kylä)', 617631.28);
insert into Movie (movie_id, movie_name, distribution_fee) values (31, 'Tooth Fairy 2', 709444.65);
insert into Movie (movie_id, movie_name, distribution_fee) values (32, 'C.R.A.Z.Y.', 77074.55);
insert into Movie (movie_id, movie_name, distribution_fee) values (33, 'Bean', 297784.25);
insert into Movie (movie_id, movie_name, distribution_fee) values (34, 'Question of Silence, A (De stilte rond Christine ', 388561.5);
insert into Movie (movie_id, movie_name, distribution_fee) values (35, 'Yossi & Jagger', 1861.65);
insert into Movie (movie_id, movie_name, distribution_fee) values (36, 'Good Year, A', 189749.75);
insert into Movie (movie_id, movie_name, distribution_fee) values (37, 'Jazz Singer, The', 298189.69);
insert into Movie (movie_id, movie_name, distribution_fee) values (38, 'Blue City', 117004.94);
insert into Movie (movie_id, movie_name, distribution_fee) values (39, 'Dragon Age: Blood mage no seisen (a.k.a. Dragon A', 867488.62);
insert into Movie (movie_id, movie_name, distribution_fee) values (40, 'The Town that Dreaded Sundown', 565503.1);
insert into Movie (movie_id, movie_name, distribution_fee) values (41, 'Chernobyl Diaries', 365700.39);
insert into Movie (movie_id, movie_name, distribution_fee) values (42, 'Fate of a Man (Sudba cheloveka)', 329247.49);
insert into Movie (movie_id, movie_name, distribution_fee) values (43, 'Aftermath', 167223.74);
insert into Movie (movie_id, movie_name, distribution_fee) values (44, 'Belly of an Architect, The', 873897.71);
insert into Movie (movie_id, movie_name, distribution_fee) values (45, 'Ask Me Anything', 42284.98);
insert into Movie (movie_id, movie_name, distribution_fee) values (46, 'Perfect Couple, A', 947343.18);
insert into Movie (movie_id, movie_name, distribution_fee) values (47, 'Double Take', 581522.0);
insert into Movie (movie_id, movie_name, distribution_fee) values (48, 'Reclaim', 243483.73);
insert into Movie (movie_id, movie_name, distribution_fee) values (49, 'Island, The', 227722.67);
insert into Movie (movie_id, movie_name, distribution_fee) values (50, 'U-571', 150933.22);
insert into Movie (movie_id, movie_name, distribution_fee) values (51, 'Killer at Large', 253634.86);
insert into Movie (movie_id, movie_name, distribution_fee) values (52, 'Locke', 912804.28);
insert into Movie (movie_id, movie_name, distribution_fee) values (53, 'Bikini Summer III - South Beach Heat', 637561.0);
insert into Movie (movie_id, movie_name, distribution_fee) values (54, 'All About the Benjamins', 297960.0);
insert into Movie (movie_id, movie_name, distribution_fee) values (55, 'Bedlam', 88257.26);
insert into Movie (movie_id, movie_name, distribution_fee) values (56, 'Three Brave Men', 517593.05);
insert into Movie (movie_id, movie_name, distribution_fee) values (57, 'The War', 350058.86);
insert into Movie (movie_id, movie_name, distribution_fee) values (58, 'Daddy Long Legs', 985697.88);
insert into Movie (movie_id, movie_name, distribution_fee) values (59, 'They All Laughed', 758685.49);
insert into Movie (movie_id, movie_name, distribution_fee) values (60, 'Venus', 74883.17);
insert into Movie (movie_id, movie_name, distribution_fee) values (61, 'Return, The (Vozvrashcheniye)', 921974.42);
insert into Movie (movie_id, movie_name, distribution_fee) values (62, 'Casanova', 139621.27);
insert into Movie (movie_id, movie_name, distribution_fee) values (63, 'Quiet as a Mouse (Muxmäuschenstill)', 563336.33);
insert into Movie (movie_id, movie_name, distribution_fee) values (64, 'World According to Sesame Street, The', 403281.06);
insert into Movie (movie_id, movie_name, distribution_fee) values (65, 'Side Out', 284453.19);
insert into Movie (movie_id, movie_name, distribution_fee) values (66, 'Human Traffic', 827789.1);
insert into Movie (movie_id, movie_name, distribution_fee) values (67, 'Tiger''s Tail, The', 634896.93);
insert into Movie (movie_id, movie_name, distribution_fee) values (68, 'Firehouse Dog', 813629.85);
insert into Movie (movie_id, movie_name, distribution_fee) values (69, 'Misérables, Les', 925339.95);
insert into Movie (movie_id, movie_name, distribution_fee) values (70, 'Le créateur ', 958133.09);

insert into Movie_copies (copy_id, movie_id, format, resolution) values (1, 27, 'DVD', '1600x900');
insert into Movie_copies (copy_id, movie_id, format, resolution) values (2, 33, 'USB', '800x500');
insert into Movie_copies (copy_id, movie_id, format, resolution) values (3, 9, 'Lazer Disk', '2560x1440');
insert into Movie_copies (copy_id, movie_id, format, resolution) values (4, 46, 'Lazer Disk', '1920x1080');
insert into Movie_copies (copy_id, movie_id, format, resolution) values (5, 5, 'DVD', '800x500');
insert into Movie_copies (copy_id, movie_id, format, resolution) values (6, 12, 'Blue Ray', '2560x1440');
insert into Movie_copies (copy_id, movie_id, format, resolution) values (7, 6, 'VHS', '1920x1080');
insert into Movie_copies (copy_id, movie_id, format, resolution) values (8, 65, 'Blue Ray', '1600x900');
insert into Movie_copies (copy_id, movie_id, format, resolution) values (9, 4, 'USB', '1600x900');
insert into Movie_copies (copy_id, movie_id, format, resolution) values (10, 27, 'USB', '1600x900');
insert into Movie_copies (copy_id, movie_id, format, resolution) values (11, 58, 'DVD', '1600x900');
insert into Movie_copies (copy_id, movie_id, format, resolution) values (12, 35, 'USB', '800x500');
insert into Movie_copies (copy_id, movie_id, format, resolution) values (13, 32, 'DVD', '800x500');
insert into Movie_copies (copy_id, movie_id, format, resolution) values (14, 32, 'VHS', '1600x900');
insert into Movie_copies (copy_id, movie_id, format, resolution) values (15, 24, 'VHS', '1920x1080');
insert into Movie_copies (copy_id, movie_id, format, resolution) values (16, 41, 'DVD', '2560x1440');
insert into Movie_copies (copy_id, movie_id, format, resolution) values (17, 19, 'Lazer Disk', '2560x1440');
insert into Movie_copies (copy_id, movie_id, format, resolution) values (18, 38, 'USB', '1920x1080');
insert into Movie_copies (copy_id, movie_id, format, resolution) values (19, 30, 'Lazer Disk', '800x500');
insert into Movie_copies (copy_id, movie_id, format, resolution) values (20, 49, 'USB', '2560x1440');
insert into Movie_copies (copy_id, movie_id, format, resolution) values (21, 9, 'DVD', '800x500');
insert into Movie_copies (copy_id, movie_id, format, resolution) values (22, 11, 'Blue Ray', '800x500');
insert into Movie_copies (copy_id, movie_id, format, resolution) values (23, 11, 'USB', '2560x1440');
insert into Movie_copies (copy_id, movie_id, format, resolution) values (24, 35, 'Blue Ray', '1600x900');
insert into Movie_copies (copy_id, movie_id, format, resolution) values (25, 46, 'VHS', '1920x1080');
insert into Movie_copies (copy_id, movie_id, format, resolution) values (26, 35, 'VHS', '800x500');
insert into Movie_copies (copy_id, movie_id, format, resolution) values (27, 42, 'DVD', '2560x1440');
insert into Movie_copies (copy_id, movie_id, format, resolution) values (28, 40, 'Blue Ray', '800x500');
insert into Movie_copies (copy_id, movie_id, format, resolution) values (29, 42, 'Lazer Disk', '1920x1080');
insert into Movie_copies (copy_id, movie_id, format, resolution) values (30, 1, 'DVD', '1600x900');
insert into Movie_copies (copy_id, movie_id, format, resolution) values (31, 68, 'DVD', '1600x900');
insert into Movie_copies (copy_id, movie_id, format, resolution) values (32, 34, 'Blue Ray', '1600x900');
insert into Movie_copies (copy_id, movie_id, format, resolution) values (33, 32, 'DVD', '2560x1440');
insert into Movie_copies (copy_id, movie_id, format, resolution) values (34, 59, 'VHS', '2560x1440');
insert into Movie_copies (copy_id, movie_id, format, resolution) values (35, 64, 'Lazer Disk', '800x500');
insert into Movie_copies (copy_id, movie_id, format, resolution) values (36, 38, 'USB', '1920x1080');
insert into Movie_copies (copy_id, movie_id, format, resolution) values (37, 50, 'VHS', '1920x1080');
insert into Movie_copies (copy_id, movie_id, format, resolution) values (38, 52, 'DVD', '800x500');
insert into Movie_copies (copy_id, movie_id, format, resolution) values (39, 42, 'VHS', '800x500');
insert into Movie_copies (copy_id, movie_id, format, resolution) values (40, 3, 'Lazer Disk', '800x500');
insert into Movie_copies (copy_id, movie_id, format, resolution) values (41, 69, 'USB', '1600x900');
insert into Movie_copies (copy_id, movie_id, format, resolution) values (42, 65, 'DVD', '1600x900');
insert into Movie_copies (copy_id, movie_id, format, resolution) values (43, 5, 'DVD', '1600x900');
insert into Movie_copies (copy_id, movie_id, format, resolution) values (44, 26, 'Blue Ray', '800x500');
insert into Movie_copies (copy_id, movie_id, format, resolution) values (45, 41, 'USB', '800x500');
insert into Movie_copies (copy_id, movie_id, format, resolution) values (46, 20, 'DVD', '1920x1080');
insert into Movie_copies (copy_id, movie_id, format, resolution) values (47, 20, 'VHS', '800x500');
insert into Movie_copies (copy_id, movie_id, format, resolution) values (48, 46, 'Blue Ray', '1920x1080');
insert into Movie_copies (copy_id, movie_id, format, resolution) values (49, 3, 'Lazer Disk', '800x500');
insert into Movie_copies (copy_id, movie_id, format, resolution) values (50, 20, 'Lazer Disk', '1600x900');
insert into Movie_copies (copy_id, movie_id, format, resolution) values (51, 17, 'VHS', '800x500');
insert into Movie_copies (copy_id, movie_id, format, resolution) values (52, 37, 'VHS', '800x500');
insert into Movie_copies (copy_id, movie_id, format, resolution) values (53, 59, 'DVD', '800x500');
insert into Movie_copies (copy_id, movie_id, format, resolution) values (54, 15, 'VHS', '1600x900');
insert into Movie_copies (copy_id, movie_id, format, resolution) values (55, 34, 'USB', '2560x1440');
insert into Movie_copies (copy_id, movie_id, format, resolution) values (56, 31, 'Lazer Disk', '800x500');
insert into Movie_copies (copy_id, movie_id, format, resolution) values (57, 19, 'Blue Ray', '800x500');
insert into Movie_copies (copy_id, movie_id, format, resolution) values (58, 62, 'USB', '1920x1080');
insert into Movie_copies (copy_id, movie_id, format, resolution) values (59, 54, 'Blue Ray', '2560x1440');
insert into Movie_copies (copy_id, movie_id, format, resolution) values (60, 10, 'Lazer Disk', '800x500');
insert into Movie_copies (copy_id, movie_id, format, resolution) values (61, 62, 'Lazer Disk', '1600x900');
insert into Movie_copies (copy_id, movie_id, format, resolution) values (62, 61, 'VHS', '1600x900');
insert into Movie_copies (copy_id, movie_id, format, resolution) values (63, 14, 'DVD', '2560x1440');
insert into Movie_copies (copy_id, movie_id, format, resolution) values (64, 53, 'Lazer Disk', '1920x1080');
insert into Movie_copies (copy_id, movie_id, format, resolution) values (65, 60, 'VHS', '1600x900');
insert into Movie_copies (copy_id, movie_id, format, resolution) values (66, 27, 'Blue Ray', '1600x900');
insert into Movie_copies (copy_id, movie_id, format, resolution) values (67, 4, 'USB', '1600x900');
insert into Movie_copies (copy_id, movie_id, format, resolution) values (68, 60, 'DVD', '1600x900');
insert into Movie_copies (copy_id, movie_id, format, resolution) values (69, 21, 'DVD', '1920x1080');
insert into Movie_copies (copy_id, movie_id, format, resolution) values (70, 4, 'Blue Ray', '2560x1440');
insert into Movie_copies (copy_id, movie_id, format, resolution) values (71, 60, 'Blue Ray', '1920x1080');
insert into Movie_copies (copy_id, movie_id, format, resolution) values (72, 28, 'VHS', '2560x1440');
insert into Movie_copies (copy_id, movie_id, format, resolution) values (73, 62, 'Blue Ray', '800x500');
insert into Movie_copies (copy_id, movie_id, format, resolution) values (74, 5, 'DVD', '1920x1080');
insert into Movie_copies (copy_id, movie_id, format, resolution) values (75, 20, 'Lazer Disk', '2560x1440');
insert into Movie_copies (copy_id, movie_id, format, resolution) values (76, 15, 'DVD', '800x500');
insert into Movie_copies (copy_id, movie_id, format, resolution) values (77, 23, 'USB', '2560x1440');
insert into Movie_copies (copy_id, movie_id, format, resolution) values (78, 10, 'VHS', '2560x1440');
insert into Movie_copies (copy_id, movie_id, format, resolution) values (79, 49, 'Blue Ray', '1600x900');
insert into Movie_copies (copy_id, movie_id, format, resolution) values (80, 63, 'VHS', '2560x1440');
insert into Movie_copies (copy_id, movie_id, format, resolution) values (81, 44, 'DVD', '1920x1080');
insert into Movie_copies (copy_id, movie_id, format, resolution) values (82, 69, 'DVD', '1600x900');
insert into Movie_copies (copy_id, movie_id, format, resolution) values (83, 45, 'Lazer Disk', '800x500');
insert into Movie_copies (copy_id, movie_id, format, resolution) values (84, 19, 'Blue Ray', '2560x1440');
insert into Movie_copies (copy_id, movie_id, format, resolution) values (85, 33, 'USB', '800x500');
insert into Movie_copies (copy_id, movie_id, format, resolution) values (86, 17, 'DVD', '1600x900');
insert into Movie_copies (copy_id, movie_id, format, resolution) values (87, 37, 'USB', '800x500');
insert into Movie_copies (copy_id, movie_id, format, resolution) values (88, 34, 'DVD', '800x500');
insert into Movie_copies (copy_id, movie_id, format, resolution) values (89, 59, 'Blue Ray', '1920x1080');
insert into Movie_copies (copy_id, movie_id, format, resolution) values (90, 44, 'VHS', '1600x900');
insert into Movie_copies (copy_id, movie_id, format, resolution) values (91, 70, 'Lazer Disk', '2560x1440');
insert into Movie_copies (copy_id, movie_id, format, resolution) values (92, 49, 'DVD', '1920x1080');
insert into Movie_copies (copy_id, movie_id, format, resolution) values (93, 3, 'VHS', '1920x1080');
insert into Movie_copies (copy_id, movie_id, format, resolution) values (94, 1, 'USB', '1600x900');
insert into Movie_copies (copy_id, movie_id, format, resolution) values (95, 22, 'USB', '800x500');
insert into Movie_copies (copy_id, movie_id, format, resolution) values (96, 17, 'USB', '1920x1080');
insert into Movie_copies (copy_id, movie_id, format, resolution) values (97, 30, 'Blue Ray', '800x500');
insert into Movie_copies (copy_id, movie_id, format, resolution) values (98, 40, 'USB', '800x500');
insert into Movie_copies (copy_id, movie_id, format, resolution) values (99, 65, 'Lazer Disk', '1920x1080');
insert into Movie_copies (copy_id, movie_id, format, resolution) values (100, 13, 'Lazer Disk', '800x500');
insert into Movie_copies (copy_id, movie_id, format, resolution) values (101, 67, 'DVD', '2560x1440');
insert into Movie_copies (copy_id, movie_id, format, resolution) values (102, 17, 'Blue Ray', '1600x900');
insert into Movie_copies (copy_id, movie_id, format, resolution) values (103, 56, 'Lazer Disk', '800x500');
insert into Movie_copies (copy_id, movie_id, format, resolution) values (104, 42, 'VHS', '800x500');
insert into Movie_copies (copy_id, movie_id, format, resolution) values (105, 31, 'Lazer Disk', '1600x900');
insert into Movie_copies (copy_id, movie_id, format, resolution) values (106, 13, 'Lazer Disk', '1920x1080');
insert into Movie_copies (copy_id, movie_id, format, resolution) values (107, 18, 'VHS', '800x500');
insert into Movie_copies (copy_id, movie_id, format, resolution) values (108, 20, 'USB', '1920x1080');
insert into Movie_copies (copy_id, movie_id, format, resolution) values (109, 9, 'USB', '1600x900');
insert into Movie_copies (copy_id, movie_id, format, resolution) values (110, 42, 'Lazer Disk', '800x500');
insert into Movie_copies (copy_id, movie_id, format, resolution) values (111, 35, 'Blue Ray', '1920x1080');
insert into Movie_copies (copy_id, movie_id, format, resolution) values (112, 8, 'Blue Ray', '1600x900');
insert into Movie_copies (copy_id, movie_id, format, resolution) values (113, 8, 'DVD', '2560x1440');
insert into Movie_copies (copy_id, movie_id, format, resolution) values (114, 32, 'VHS', '800x500');
insert into Movie_copies (copy_id, movie_id, format, resolution) values (115, 47, 'Lazer Disk', '2560x1440');
insert into Movie_copies (copy_id, movie_id, format, resolution) values (116, 58, 'Blue Ray', '2560x1440');
insert into Movie_copies (copy_id, movie_id, format, resolution) values (117, 64, 'DVD', '800x500');
insert into Movie_copies (copy_id, movie_id, format, resolution) values (118, 41, 'VHS', '800x500');
insert into Movie_copies (copy_id, movie_id, format, resolution) values (119, 39, 'Blue Ray', '1920x1080');
insert into Movie_copies (copy_id, movie_id, format, resolution) values (120, 46, 'DVD', '1920x1080');
insert into Movie_copies (copy_id, movie_id, format, resolution) values (121, 31, 'Blue Ray', '1600x900');
insert into Movie_copies (copy_id, movie_id, format, resolution) values (122, 12, 'Lazer Disk', '1600x900');
insert into Movie_copies (copy_id, movie_id, format, resolution) values (123, 47, 'DVD', '2560x1440');
insert into Movie_copies (copy_id, movie_id, format, resolution) values (124, 62, 'Lazer Disk', '800x500');
insert into Movie_copies (copy_id, movie_id, format, resolution) values (125, 47, 'Lazer Disk', '1920x1080');
insert into Movie_copies (copy_id, movie_id, format, resolution) values (126, 45, 'Blue Ray', '1600x900');
insert into Movie_copies (copy_id, movie_id, format, resolution) values (127, 50, 'USB', '2560x1440');
insert into Movie_copies (copy_id, movie_id, format, resolution) values (128, 53, 'VHS', '1920x1080');
insert into Movie_copies (copy_id, movie_id, format, resolution) values (129, 53, 'VHS', '2560x1440');
insert into Movie_copies (copy_id, movie_id, format, resolution) values (130, 58, 'Blue Ray', '1920x1080');
insert into Movie_copies (copy_id, movie_id, format, resolution) values (131, 64, 'Lazer Disk', '800x500');
insert into Movie_copies (copy_id, movie_id, format, resolution) values (132, 39, 'DVD', '2560x1440');
insert into Movie_copies (copy_id, movie_id, format, resolution) values (133, 58, 'Lazer Disk', '2560x1440');
insert into Movie_copies (copy_id, movie_id, format, resolution) values (134, 49, 'DVD', '1600x900');
insert into Movie_copies (copy_id, movie_id, format, resolution) values (135, 6, 'Lazer Disk', '1920x1080');
insert into Movie_copies (copy_id, movie_id, format, resolution) values (136, 24, 'Blue Ray', '2560x1440');
insert into Movie_copies (copy_id, movie_id, format, resolution) values (137, 68, 'VHS', '800x500');
insert into Movie_copies (copy_id, movie_id, format, resolution) values (138, 34, 'Blue Ray', '1920x1080');
insert into Movie_copies (copy_id, movie_id, format, resolution) values (139, 20, 'USB', '1600x900');
insert into Movie_copies (copy_id, movie_id, format, resolution) values (140, 58, 'Blue Ray', '800x500');
insert into Movie_copies (copy_id, movie_id, format, resolution) values (141, 60, 'DVD', '2560x1440');
insert into Movie_copies (copy_id, movie_id, format, resolution) values (142, 62, 'VHS', '800x500');
insert into Movie_copies (copy_id, movie_id, format, resolution) values (143, 30, 'USB', '1920x1080');
insert into Movie_copies (copy_id, movie_id, format, resolution) values (144, 13, 'Blue Ray', '2560x1440');
insert into Movie_copies (copy_id, movie_id, format, resolution) values (145, 6, 'DVD', '1600x900');
insert into Movie_copies (copy_id, movie_id, format, resolution) values (146, 52, 'Blue Ray', '1920x1080');
insert into Movie_copies (copy_id, movie_id, format, resolution) values (147, 50, 'Blue Ray', '800x500');
insert into Movie_copies (copy_id, movie_id, format, resolution) values (148, 21, 'Lazer Disk', '1600x900');
insert into Movie_copies (copy_id, movie_id, format, resolution) values (149, 17, 'VHS', '1600x900');
insert into Movie_copies (copy_id, movie_id, format, resolution) values (150, 62, 'DVD', '800x500');
insert into Movie_copies (copy_id, movie_id, format, resolution) values (151, 12, 'Lazer Disk', '1920x1080');
insert into Movie_copies (copy_id, movie_id, format, resolution) values (152, 42, 'Blue Ray', '1600x900');
insert into Movie_copies (copy_id, movie_id, format, resolution) values (153, 22, 'Blue Ray', '2560x1440');
insert into Movie_copies (copy_id, movie_id, format, resolution) values (154, 53, 'DVD', '800x500');
insert into Movie_copies (copy_id, movie_id, format, resolution) values (155, 4, 'USB', '800x500');
insert into Movie_copies (copy_id, movie_id, format, resolution) values (156, 26, 'VHS', '800x500');
insert into Movie_copies (copy_id, movie_id, format, resolution) values (157, 19, 'Lazer Disk', '1920x1080');
insert into Movie_copies (copy_id, movie_id, format, resolution) values (158, 1, 'Lazer Disk', '1600x900');
insert into Movie_copies (copy_id, movie_id, format, resolution) values (159, 31, 'VHS', '1600x900');
insert into Movie_copies (copy_id, movie_id, format, resolution) values (160, 24, 'Lazer Disk', '1920x1080');
insert into Movie_copies (copy_id, movie_id, format, resolution) values (161, 46, 'Lazer Disk', '2560x1440');
insert into Movie_copies (copy_id, movie_id, format, resolution) values (162, 30, 'DVD', '2560x1440');
insert into Movie_copies (copy_id, movie_id, format, resolution) values (163, 20, 'Blue Ray', '800x500');
insert into Movie_copies (copy_id, movie_id, format, resolution) values (164, 45, 'USB', '1920x1080');
insert into Movie_copies (copy_id, movie_id, format, resolution) values (165, 65, 'Blue Ray', '1600x900');
insert into Movie_copies (copy_id, movie_id, format, resolution) values (166, 62, 'VHS', '800x500');
insert into Movie_copies (copy_id, movie_id, format, resolution) values (167, 9, 'VHS', '800x500');
insert into Movie_copies (copy_id, movie_id, format, resolution) values (168, 60, 'USB', '1600x900');
insert into Movie_copies (copy_id, movie_id, format, resolution) values (169, 33, 'VHS', '800x500');
insert into Movie_copies (copy_id, movie_id, format, resolution) values (170, 64, 'Blue Ray', '1600x900');
insert into Movie_copies (copy_id, movie_id, format, resolution) values (171, 28, 'VHS', '2560x1440');
insert into Movie_copies (copy_id, movie_id, format, resolution) values (172, 34, 'Blue Ray', '1600x900');
insert into Movie_copies (copy_id, movie_id, format, resolution) values (173, 1, 'Blue Ray', '1920x1080');
insert into Movie_copies (copy_id, movie_id, format, resolution) values (174, 43, 'Blue Ray', '1600x900');
insert into Movie_copies (copy_id, movie_id, format, resolution) values (175, 35, 'VHS', '1600x900');
insert into Movie_copies (copy_id, movie_id, format, resolution) values (176, 4, 'Blue Ray', '800x500');
insert into Movie_copies (copy_id, movie_id, format, resolution) values (177, 66, 'Lazer Disk', '2560x1440');
insert into Movie_copies (copy_id, movie_id, format, resolution) values (178, 46, 'DVD', '2560x1440');
insert into Movie_copies (copy_id, movie_id, format, resolution) values (179, 12, 'Blue Ray', '1600x900');
insert into Movie_copies (copy_id, movie_id, format, resolution) values (180, 24, 'VHS', '2560x1440');
insert into Movie_copies (copy_id, movie_id, format, resolution) values (181, 43, 'VHS', '1600x900');
insert into Movie_copies (copy_id, movie_id, format, resolution) values (182, 52, 'Blue Ray', '1920x1080');
insert into Movie_copies (copy_id, movie_id, format, resolution) values (183, 59, 'USB', '2560x1440');
insert into Movie_copies (copy_id, movie_id, format, resolution) values (184, 18, 'VHS', '1600x900');
insert into Movie_copies (copy_id, movie_id, format, resolution) values (185, 43, 'Blue Ray', '1920x1080');
insert into Movie_copies (copy_id, movie_id, format, resolution) values (186, 4, 'VHS', '1600x900');
insert into Movie_copies (copy_id, movie_id, format, resolution) values (187, 9, 'DVD', '2560x1440');
insert into Movie_copies (copy_id, movie_id, format, resolution) values (188, 22, 'Lazer Disk', '2560x1440');
insert into Movie_copies (copy_id, movie_id, format, resolution) values (189, 62, 'VHS', '2560x1440');
insert into Movie_copies (copy_id, movie_id, format, resolution) values (190, 44, 'VHS', '1600x900');
insert into Movie_copies (copy_id, movie_id, format, resolution) values (191, 38, 'Blue Ray', '800x500');
insert into Movie_copies (copy_id, movie_id, format, resolution) values (192, 50, 'DVD', '1920x1080');
insert into Movie_copies (copy_id, movie_id, format, resolution) values (193, 32, 'DVD', '1920x1080');
insert into Movie_copies (copy_id, movie_id, format, resolution) values (194, 70, 'Blue Ray', '2560x1440');
insert into Movie_copies (copy_id, movie_id, format, resolution) values (195, 42, 'VHS', '2560x1440');
insert into Movie_copies (copy_id, movie_id, format, resolution) values (196, 43, 'VHS', '2560x1440');
insert into Movie_copies (copy_id, movie_id, format, resolution) values (197, 67, 'Lazer Disk', '800x500');
insert into Movie_copies (copy_id, movie_id, format, resolution) values (198, 66, 'USB', '1920x1080');
insert into Movie_copies (copy_id, movie_id, format, resolution) values (199, 64, 'USB', '1600x900');
insert into Movie_copies (copy_id, movie_id, format, resolution) values (200, 69, 'USB', '800x500');
insert into Movie_copies (copy_id, movie_id, format, resolution) values (201, 69, 'DVD', '800x500');
insert into Movie_copies (copy_id, movie_id, format, resolution) values (202, 51, 'Blue Ray', '1920x1080');
insert into Movie_copies (copy_id, movie_id, format, resolution) values (203, 62, 'VHS', '1920x1080');
insert into Movie_copies (copy_id, movie_id, format, resolution) values (204, 8, 'DVD', '2560x1440');
insert into Movie_copies (copy_id, movie_id, format, resolution) values (205, 16, 'Lazer Disk', '1920x1080');
insert into Movie_copies (copy_id, movie_id, format, resolution) values (206, 27, 'USB', '1600x900');
insert into Movie_copies (copy_id, movie_id, format, resolution) values (207, 1, 'Blue Ray', '800x500');
insert into Movie_copies (copy_id, movie_id, format, resolution) values (208, 12, 'USB', '1600x900');
insert into Movie_copies (copy_id, movie_id, format, resolution) values (209, 56, 'Lazer Disk', '2560x1440');
insert into Movie_copies (copy_id, movie_id, format, resolution) values (210, 35, 'USB', '800x500');
insert into Movie_copies (copy_id, movie_id, format, resolution) values (211, 23, 'DVD', '800x500');
insert into Movie_copies (copy_id, movie_id, format, resolution) values (212, 58, 'DVD', '1920x1080');
insert into Movie_copies (copy_id, movie_id, format, resolution) values (213, 4, 'Lazer Disk', '800x500');
insert into Movie_copies (copy_id, movie_id, format, resolution) values (214, 65, 'Lazer Disk', '800x500');
insert into Movie_copies (copy_id, movie_id, format, resolution) values (215, 51, 'VHS', '800x500');
insert into Movie_copies (copy_id, movie_id, format, resolution) values (216, 21, 'DVD', '1600x900');
insert into Movie_copies (copy_id, movie_id, format, resolution) values (217, 23, 'USB', '2560x1440');
insert into Movie_copies (copy_id, movie_id, format, resolution) values (218, 61, 'Blue Ray', '1600x900');
insert into Movie_copies (copy_id, movie_id, format, resolution) values (219, 21, 'DVD', '1600x900');
insert into Movie_copies (copy_id, movie_id, format, resolution) values (220, 59, 'DVD', '1600x900');
insert into Movie_copies (copy_id, movie_id, format, resolution) values (221, 27, 'VHS', '800x500');
insert into Movie_copies (copy_id, movie_id, format, resolution) values (222, 29, 'VHS', '800x500');
insert into Movie_copies (copy_id, movie_id, format, resolution) values (223, 41, 'USB', '800x500');
insert into Movie_copies (copy_id, movie_id, format, resolution) values (224, 58, 'USB', '1920x1080');
insert into Movie_copies (copy_id, movie_id, format, resolution) values (225, 51, 'USB', '1600x900');
insert into Movie_copies (copy_id, movie_id, format, resolution) values (226, 39, 'USB', '800x500');
insert into Movie_copies (copy_id, movie_id, format, resolution) values (227, 41, 'USB', '1920x1080');
insert into Movie_copies (copy_id, movie_id, format, resolution) values (228, 16, 'Lazer Disk', '2560x1440');
insert into Movie_copies (copy_id, movie_id, format, resolution) values (229, 41, 'DVD', '1920x1080');
insert into Movie_copies (copy_id, movie_id, format, resolution) values (230, 64, 'DVD', '1920x1080');
insert into Movie_copies (copy_id, movie_id, format, resolution) values (231, 32, 'USB', '800x500');
insert into Movie_copies (copy_id, movie_id, format, resolution) values (232, 14, 'DVD', '1600x900');
insert into Movie_copies (copy_id, movie_id, format, resolution) values (233, 17, 'Blue Ray', '1920x1080');
insert into Movie_copies (copy_id, movie_id, format, resolution) values (234, 17, 'Lazer Disk', '1920x1080');
insert into Movie_copies (copy_id, movie_id, format, resolution) values (235, 62, 'USB', '1600x900');
insert into Movie_copies (copy_id, movie_id, format, resolution) values (236, 26, 'USB', '1920x1080');
insert into Movie_copies (copy_id, movie_id, format, resolution) values (237, 67, 'VHS', '1600x900');
insert into Movie_copies (copy_id, movie_id, format, resolution) values (238, 6, 'USB', '800x500');
insert into Movie_copies (copy_id, movie_id, format, resolution) values (239, 7, 'Lazer Disk', '2560x1440');
insert into Movie_copies (copy_id, movie_id, format, resolution) values (240, 13, 'USB', '800x500');
insert into Movie_copies (copy_id, movie_id, format, resolution) values (241, 49, 'Blue Ray', '800x500');
insert into Movie_copies (copy_id, movie_id, format, resolution) values (242, 25, 'USB', '1600x900');
insert into Movie_copies (copy_id, movie_id, format, resolution) values (243, 58, 'VHS', '2560x1440');
insert into Movie_copies (copy_id, movie_id, format, resolution) values (244, 7, 'DVD', '1600x900');
insert into Movie_copies (copy_id, movie_id, format, resolution) values (245, 22, 'USB', '1920x1080');
insert into Movie_copies (copy_id, movie_id, format, resolution) values (246, 35, 'USB', '2560x1440');
insert into Movie_copies (copy_id, movie_id, format, resolution) values (247, 8, 'DVD', '1920x1080');
insert into Movie_copies (copy_id, movie_id, format, resolution) values (248, 61, 'VHS', '2560x1440');
insert into Movie_copies (copy_id, movie_id, format, resolution) values (249, 24, 'USB', '1600x900');
insert into Movie_copies (copy_id, movie_id, format, resolution) values (250, 15, 'Lazer Disk', '2560x1440');
insert into Movie_copies (copy_id, movie_id, format, resolution) values (251, 45, 'DVD', '2560x1440');
insert into Movie_copies (copy_id, movie_id, format, resolution) values (252, 20, 'Blue Ray', '1600x900');
insert into Movie_copies (copy_id, movie_id, format, resolution) values (253, 26, 'Lazer Disk', '2560x1440');
insert into Movie_copies (copy_id, movie_id, format, resolution) values (254, 26, 'Lazer Disk', '2560x1440');
insert into Movie_copies (copy_id, movie_id, format, resolution) values (255, 2, 'Lazer Disk', '1920x1080');
insert into Movie_copies (copy_id, movie_id, format, resolution) values (256, 49, 'Lazer Disk', '2560x1440');
insert into Movie_copies (copy_id, movie_id, format, resolution) values (257, 10, 'Lazer Disk', '2560x1440');
insert into Movie_copies (copy_id, movie_id, format, resolution) values (258, 53, 'DVD', '1600x900');
insert into Movie_copies (copy_id, movie_id, format, resolution) values (259, 39, 'Blue Ray', '2560x1440');
insert into Movie_copies (copy_id, movie_id, format, resolution) values (260, 35, 'Lazer Disk', '800x500');
insert into Movie_copies (copy_id, movie_id, format, resolution) values (261, 42, 'USB', '2560x1440');
insert into Movie_copies (copy_id, movie_id, format, resolution) values (262, 44, 'Lazer Disk', '1600x900');
insert into Movie_copies (copy_id, movie_id, format, resolution) values (263, 31, 'Lazer Disk', '1920x1080');
insert into Movie_copies (copy_id, movie_id, format, resolution) values (264, 7, 'DVD', '2560x1440');
insert into Movie_copies (copy_id, movie_id, format, resolution) values (265, 9, 'Lazer Disk', '2560x1440');
insert into Movie_copies (copy_id, movie_id, format, resolution) values (266, 20, 'VHS', '800x500');
insert into Movie_copies (copy_id, movie_id, format, resolution) values (267, 20, 'USB', '800x500');
insert into Movie_copies (copy_id, movie_id, format, resolution) values (268, 48, 'Lazer Disk', '2560x1440');
insert into Movie_copies (copy_id, movie_id, format, resolution) values (269, 31, 'Lazer Disk', '2560x1440');
insert into Movie_copies (copy_id, movie_id, format, resolution) values (270, 21, 'VHS', '800x500');
insert into Movie_copies (copy_id, movie_id, format, resolution) values (271, 58, 'Blue Ray', '1600x900');
insert into Movie_copies (copy_id, movie_id, format, resolution) values (272, 67, 'Blue Ray', '800x500');
insert into Movie_copies (copy_id, movie_id, format, resolution) values (273, 36, 'Lazer Disk', '800x500');
insert into Movie_copies (copy_id, movie_id, format, resolution) values (274, 8, 'Lazer Disk', '1600x900');
insert into Movie_copies (copy_id, movie_id, format, resolution) values (275, 55, 'DVD', '2560x1440');
insert into Movie_copies (copy_id, movie_id, format, resolution) values (276, 47, 'VHS', '1920x1080');
insert into Movie_copies (copy_id, movie_id, format, resolution) values (277, 3, 'USB', '2560x1440');
insert into Movie_copies (copy_id, movie_id, format, resolution) values (278, 43, 'Blue Ray', '800x500');
insert into Movie_copies (copy_id, movie_id, format, resolution) values (279, 36, 'USB', '1920x1080');
insert into Movie_copies (copy_id, movie_id, format, resolution) values (280, 32, 'DVD', '1920x1080');
insert into Movie_copies (copy_id, movie_id, format, resolution) values (281, 65, 'USB', '1920x1080');
insert into Movie_copies (copy_id, movie_id, format, resolution) values (282, 20, 'VHS', '800x500');
insert into Movie_copies (copy_id, movie_id, format, resolution) values (283, 5, 'Lazer Disk', '2560x1440');
insert into Movie_copies (copy_id, movie_id, format, resolution) values (284, 50, 'Lazer Disk', '800x500');
insert into Movie_copies (copy_id, movie_id, format, resolution) values (285, 25, 'VHS', '1600x900');
insert into Movie_copies (copy_id, movie_id, format, resolution) values (286, 69, 'DVD', '1600x900');
insert into Movie_copies (copy_id, movie_id, format, resolution) values (287, 8, 'Blue Ray', '1600x900');
insert into Movie_copies (copy_id, movie_id, format, resolution) values (288, 4, 'DVD', '2560x1440');
insert into Movie_copies (copy_id, movie_id, format, resolution) values (289, 6, 'USB', '800x500');
insert into Movie_copies (copy_id, movie_id, format, resolution) values (290, 50, 'Lazer Disk', '1600x900');
insert into Movie_copies (copy_id, movie_id, format, resolution) values (291, 3, 'DVD', '1920x1080');
insert into Movie_copies (copy_id, movie_id, format, resolution) values (292, 15, 'Lazer Disk', '2560x1440');
insert into Movie_copies (copy_id, movie_id, format, resolution) values (293, 18, 'DVD', '1920x1080');
insert into Movie_copies (copy_id, movie_id, format, resolution) values (294, 38, 'VHS', '1920x1080');
insert into Movie_copies (copy_id, movie_id, format, resolution) values (295, 24, 'Blue Ray', '800x500');
insert into Movie_copies (copy_id, movie_id, format, resolution) values (296, 34, 'VHS', '2560x1440');
insert into Movie_copies (copy_id, movie_id, format, resolution) values (297, 63, 'VHS', '1600x900');
insert into Movie_copies (copy_id, movie_id, format, resolution) values (298, 52, 'DVD', '800x500');
insert into Movie_copies (copy_id, movie_id, format, resolution) values (299, 10, 'Lazer Disk', '1920x1080');
insert into Movie_copies (copy_id, movie_id, format, resolution) values (300, 19, 'Blue Ray', '1920x1080');
insert into Movie_copies (copy_id, movie_id, format, resolution) values (301, 8, 'Blue Ray', '1920x1080');
insert into Movie_copies (copy_id, movie_id, format, resolution) values (302, 67, 'DVD', '2560x1440');
insert into Movie_copies (copy_id, movie_id, format, resolution) values (303, 25, 'DVD', '2560x1440');
insert into Movie_copies (copy_id, movie_id, format, resolution) values (304, 15, 'Blue Ray', '2560x1440');
insert into Movie_copies (copy_id, movie_id, format, resolution) values (305, 9, 'USB', '2560x1440');
insert into Movie_copies (copy_id, movie_id, format, resolution) values (306, 28, 'USB', '800x500');
insert into Movie_copies (copy_id, movie_id, format, resolution) values (307, 57, 'Blue Ray', '2560x1440');
insert into Movie_copies (copy_id, movie_id, format, resolution) values (308, 11, 'Blue Ray', '2560x1440');
insert into Movie_copies (copy_id, movie_id, format, resolution) values (309, 69, 'DVD', '2560x1440');
insert into Movie_copies (copy_id, movie_id, format, resolution) values (310, 9, 'VHS', '1600x900');
insert into Movie_copies (copy_id, movie_id, format, resolution) values (311, 18, 'USB', '2560x1440');
insert into Movie_copies (copy_id, movie_id, format, resolution) values (312, 53, 'DVD', '800x500');
insert into Movie_copies (copy_id, movie_id, format, resolution) values (313, 65, 'Lazer Disk', '800x500');
insert into Movie_copies (copy_id, movie_id, format, resolution) values (314, 19, 'Blue Ray', '800x500');
insert into Movie_copies (copy_id, movie_id, format, resolution) values (315, 4, 'Lazer Disk', '2560x1440');
insert into Movie_copies (copy_id, movie_id, format, resolution) values (316, 46, 'VHS', '1600x900');
insert into Movie_copies (copy_id, movie_id, format, resolution) values (317, 9, 'DVD', '2560x1440');
insert into Movie_copies (copy_id, movie_id, format, resolution) values (318, 62, 'Lazer Disk', '2560x1440');
insert into Movie_copies (copy_id, movie_id, format, resolution) values (319, 58, 'DVD', '1600x900');
insert into Movie_copies (copy_id, movie_id, format, resolution) values (320, 20, 'Blue Ray', '1920x1080');
insert into Movie_copies (copy_id, movie_id, format, resolution) values (321, 50, 'Blue Ray', '800x500');
insert into Movie_copies (copy_id, movie_id, format, resolution) values (322, 48, 'DVD', '2560x1440');
insert into Movie_copies (copy_id, movie_id, format, resolution) values (323, 60, 'Lazer Disk', '1600x900');
insert into Movie_copies (copy_id, movie_id, format, resolution) values (324, 54, 'USB', '1600x900');
insert into Movie_copies (copy_id, movie_id, format, resolution) values (325, 9, 'DVD', '800x500');
insert into Movie_copies (copy_id, movie_id, format, resolution) values (326, 54, 'DVD', '1600x900');
insert into Movie_copies (copy_id, movie_id, format, resolution) values (327, 6, 'Blue Ray', '1920x1080');
insert into Movie_copies (copy_id, movie_id, format, resolution) values (328, 63, 'Blue Ray', '800x500');
insert into Movie_copies (copy_id, movie_id, format, resolution) values (329, 28, 'VHS', '2560x1440');
insert into Movie_copies (copy_id, movie_id, format, resolution) values (330, 3, 'USB', '1600x900');
insert into Movie_copies (copy_id, movie_id, format, resolution) values (331, 40, 'VHS', '1600x900');
insert into Movie_copies (copy_id, movie_id, format, resolution) values (332, 67, 'DVD', '1600x900');
insert into Movie_copies (copy_id, movie_id, format, resolution) values (333, 13, 'DVD', '2560x1440');
insert into Movie_copies (copy_id, movie_id, format, resolution) values (334, 5, 'Blue Ray', '1600x900');
insert into Movie_copies (copy_id, movie_id, format, resolution) values (335, 8, 'DVD', '1600x900');
insert into Movie_copies (copy_id, movie_id, format, resolution) values (336, 58, 'VHS', '1920x1080');
insert into Movie_copies (copy_id, movie_id, format, resolution) values (337, 41, 'DVD', '1600x900');
insert into Movie_copies (copy_id, movie_id, format, resolution) values (338, 5, 'VHS', '1920x1080');
insert into Movie_copies (copy_id, movie_id, format, resolution) values (339, 2, 'Blue Ray', '800x500');
insert into Movie_copies (copy_id, movie_id, format, resolution) values (340, 42, 'DVD', '800x500');
insert into Movie_copies (copy_id, movie_id, format, resolution) values (341, 30, 'USB', '1920x1080');
insert into Movie_copies (copy_id, movie_id, format, resolution) values (342, 42, 'Lazer Disk', '800x500');
insert into Movie_copies (copy_id, movie_id, format, resolution) values (343, 45, 'USB', '1920x1080');
insert into Movie_copies (copy_id, movie_id, format, resolution) values (344, 31, 'USB', '800x500');
insert into Movie_copies (copy_id, movie_id, format, resolution) values (345, 10, 'Lazer Disk', '800x500');
insert into Movie_copies (copy_id, movie_id, format, resolution) values (346, 27, 'USB', '800x500');
insert into Movie_copies (copy_id, movie_id, format, resolution) values (347, 70, 'DVD', '2560x1440');
insert into Movie_copies (copy_id, movie_id, format, resolution) values (348, 33, 'VHS', '800x500');
insert into Movie_copies (copy_id, movie_id, format, resolution) values (349, 58, 'Lazer Disk', '1600x900');
insert into Movie_copies (copy_id, movie_id, format, resolution) values (350, 22, 'Lazer Disk', '800x500');
insert into Movie_copies (copy_id, movie_id, format, resolution) values (351, 38, 'Blue Ray', '1920x1080');
insert into Movie_copies (copy_id, movie_id, format, resolution) values (352, 45, 'DVD', '2560x1440');
insert into Movie_copies (copy_id, movie_id, format, resolution) values (353, 16, 'VHS', '1920x1080');
insert into Movie_copies (copy_id, movie_id, format, resolution) values (354, 1, 'VHS', '1920x1080');
insert into Movie_copies (copy_id, movie_id, format, resolution) values (355, 40, 'VHS', '1920x1080');
insert into Movie_copies (copy_id, movie_id, format, resolution) values (356, 39, 'USB', '1600x900');
insert into Movie_copies (copy_id, movie_id, format, resolution) values (357, 3, 'Lazer Disk', '1600x900');
insert into Movie_copies (copy_id, movie_id, format, resolution) values (358, 32, 'Lazer Disk', '1600x900');
insert into Movie_copies (copy_id, movie_id, format, resolution) values (359, 62, 'Blue Ray', '1600x900');
insert into Movie_copies (copy_id, movie_id, format, resolution) values (360, 22, 'Blue Ray', '1600x900');
insert into Movie_copies (copy_id, movie_id, format, resolution) values (361, 70, 'VHS', '1600x900');
insert into Movie_copies (copy_id, movie_id, format, resolution) values (362, 55, 'Blue Ray', '1920x1080');
insert into Movie_copies (copy_id, movie_id, format, resolution) values (363, 42, 'USB', '1600x900');
insert into Movie_copies (copy_id, movie_id, format, resolution) values (364, 27, 'Blue Ray', '1920x1080');
insert into Movie_copies (copy_id, movie_id, format, resolution) values (365, 45, 'Blue Ray', '800x500');
insert into Movie_copies (copy_id, movie_id, format, resolution) values (366, 54, 'USB', '1600x900');
insert into Movie_copies (copy_id, movie_id, format, resolution) values (367, 64, 'USB', '1600x900');
insert into Movie_copies (copy_id, movie_id, format, resolution) values (368, 12, 'VHS', '1920x1080');
insert into Movie_copies (copy_id, movie_id, format, resolution) values (369, 56, 'DVD', '1600x900');
insert into Movie_copies (copy_id, movie_id, format, resolution) values (370, 60, 'VHS', '1920x1080');
insert into Movie_copies (copy_id, movie_id, format, resolution) values (371, 53, 'Blue Ray', '1920x1080');
insert into Movie_copies (copy_id, movie_id, format, resolution) values (372, 4, 'VHS', '1600x900');
insert into Movie_copies (copy_id, movie_id, format, resolution) values (373, 50, 'DVD', '2560x1440');
insert into Movie_copies (copy_id, movie_id, format, resolution) values (374, 10, 'Blue Ray', '1600x900');
insert into Movie_copies (copy_id, movie_id, format, resolution) values (375, 56, 'Blue Ray', '1920x1080');
insert into Movie_copies (copy_id, movie_id, format, resolution) values (376, 30, 'Lazer Disk', '2560x1440');
insert into Movie_copies (copy_id, movie_id, format, resolution) values (377, 9, 'Blue Ray', '2560x1440');
insert into Movie_copies (copy_id, movie_id, format, resolution) values (378, 44, 'Lazer Disk', '800x500');
insert into Movie_copies (copy_id, movie_id, format, resolution) values (379, 14, 'Lazer Disk', '1600x900');
insert into Movie_copies (copy_id, movie_id, format, resolution) values (380, 45, 'Lazer Disk', '800x500');
insert into Movie_copies (copy_id, movie_id, format, resolution) values (381, 55, 'Blue Ray', '1600x900');
insert into Movie_copies (copy_id, movie_id, format, resolution) values (382, 13, 'Blue Ray', '800x500');
insert into Movie_copies (copy_id, movie_id, format, resolution) values (383, 11, 'Lazer Disk', '1600x900');
insert into Movie_copies (copy_id, movie_id, format, resolution) values (384, 2, 'Blue Ray', '1920x1080');
insert into Movie_copies (copy_id, movie_id, format, resolution) values (385, 21, 'DVD', '800x500');
insert into Movie_copies (copy_id, movie_id, format, resolution) values (386, 67, 'Blue Ray', '2560x1440');
insert into Movie_copies (copy_id, movie_id, format, resolution) values (387, 42, 'VHS', '800x500');
insert into Movie_copies (copy_id, movie_id, format, resolution) values (388, 61, 'VHS', '2560x1440');
insert into Movie_copies (copy_id, movie_id, format, resolution) values (389, 38, 'USB', '2560x1440');
insert into Movie_copies (copy_id, movie_id, format, resolution) values (390, 57, 'VHS', '800x500');
insert into Movie_copies (copy_id, movie_id, format, resolution) values (391, 8, 'USB', '1920x1080');
insert into Movie_copies (copy_id, movie_id, format, resolution) values (392, 18, 'VHS', '2560x1440');
insert into Movie_copies (copy_id, movie_id, format, resolution) values (393, 63, 'Lazer Disk', '2560x1440');
insert into Movie_copies (copy_id, movie_id, format, resolution) values (394, 8, 'DVD', '1920x1080');
insert into Movie_copies (copy_id, movie_id, format, resolution) values (395, 11, 'USB', '800x500');
insert into Movie_copies (copy_id, movie_id, format, resolution) values (396, 57, 'USB', '1600x900');
insert into Movie_copies (copy_id, movie_id, format, resolution) values (397, 70, 'Blue Ray', '800x500');
insert into Movie_copies (copy_id, movie_id, format, resolution) values (398, 70, 'USB', '1600x900');
insert into Movie_copies (copy_id, movie_id, format, resolution) values (399, 39, 'Lazer Disk', '800x500');
insert into Movie_copies (copy_id, movie_id, format, resolution) values (400, 65, 'VHS', '2560x1440');
insert into Movie_copies (copy_id, movie_id, format, resolution) values (401, 7, 'Blue Ray', '2560x1440');
insert into Movie_copies (copy_id, movie_id, format, resolution) values (402, 16, 'DVD', '2560x1440');
insert into Movie_copies (copy_id, movie_id, format, resolution) values (403, 41, 'DVD', '2560x1440');
insert into Movie_copies (copy_id, movie_id, format, resolution) values (404, 13, 'VHS', '1600x900');
insert into Movie_copies (copy_id, movie_id, format, resolution) values (405, 17, 'DVD', '1600x900');
insert into Movie_copies (copy_id, movie_id, format, resolution) values (406, 26, 'USB', '1600x900');
insert into Movie_copies (copy_id, movie_id, format, resolution) values (407, 25, 'DVD', '1600x900');
insert into Movie_copies (copy_id, movie_id, format, resolution) values (408, 41, 'USB', '1600x900');
insert into Movie_copies (copy_id, movie_id, format, resolution) values (409, 33, 'VHS', '800x500');
insert into Movie_copies (copy_id, movie_id, format, resolution) values (410, 39, 'Blue Ray', '1920x1080');
insert into Movie_copies (copy_id, movie_id, format, resolution) values (411, 31, 'USB', '800x500');
insert into Movie_copies (copy_id, movie_id, format, resolution) values (412, 42, 'USB', '2560x1440');
insert into Movie_copies (copy_id, movie_id, format, resolution) values (413, 37, 'Blue Ray', '2560x1440');
insert into Movie_copies (copy_id, movie_id, format, resolution) values (414, 25, 'USB', '1920x1080');
insert into Movie_copies (copy_id, movie_id, format, resolution) values (415, 38, 'USB', '1920x1080');
insert into Movie_copies (copy_id, movie_id, format, resolution) values (416, 23, 'Blue Ray', '2560x1440');
insert into Movie_copies (copy_id, movie_id, format, resolution) values (417, 30, 'Blue Ray', '2560x1440');
insert into Movie_copies (copy_id, movie_id, format, resolution) values (418, 14, 'VHS', '1920x1080');
insert into Movie_copies (copy_id, movie_id, format, resolution) values (419, 58, 'VHS', '800x500');
insert into Movie_copies (copy_id, movie_id, format, resolution) values (420, 63, 'USB', '1920x1080');
insert into Movie_copies (copy_id, movie_id, format, resolution) values (421, 47, 'Lazer Disk', '800x500');
insert into Movie_copies (copy_id, movie_id, format, resolution) values (422, 5, 'USB', '2560x1440');
insert into Movie_copies (copy_id, movie_id, format, resolution) values (423, 7, 'DVD', '2560x1440');
insert into Movie_copies (copy_id, movie_id, format, resolution) values (424, 64, 'Lazer Disk', '1920x1080');
insert into Movie_copies (copy_id, movie_id, format, resolution) values (425, 55, 'Blue Ray', '1920x1080');
insert into Movie_copies (copy_id, movie_id, format, resolution) values (426, 49, 'VHS', '1600x900');
insert into Movie_copies (copy_id, movie_id, format, resolution) values (427, 20, 'Blue Ray', '1600x900');
insert into Movie_copies (copy_id, movie_id, format, resolution) values (428, 12, 'DVD', '800x500');
insert into Movie_copies (copy_id, movie_id, format, resolution) values (429, 21, 'DVD', '1920x1080');
insert into Movie_copies (copy_id, movie_id, format, resolution) values (430, 58, 'DVD', '2560x1440');
insert into Movie_copies (copy_id, movie_id, format, resolution) values (431, 69, 'Blue Ray', '1600x900');
insert into Movie_copies (copy_id, movie_id, format, resolution) values (432, 66, 'VHS', '2560x1440');
insert into Movie_copies (copy_id, movie_id, format, resolution) values (433, 66, 'USB', '800x500');
insert into Movie_copies (copy_id, movie_id, format, resolution) values (434, 46, 'USB', '1600x900');
insert into Movie_copies (copy_id, movie_id, format, resolution) values (435, 3, 'VHS', '2560x1440');
insert into Movie_copies (copy_id, movie_id, format, resolution) values (436, 3, 'Lazer Disk', '2560x1440');
insert into Movie_copies (copy_id, movie_id, format, resolution) values (437, 20, 'VHS', '1600x900');
insert into Movie_copies (copy_id, movie_id, format, resolution) values (438, 62, 'VHS', '1600x900');
insert into Movie_copies (copy_id, movie_id, format, resolution) values (439, 33, 'DVD', '800x500');
insert into Movie_copies (copy_id, movie_id, format, resolution) values (440, 69, 'Lazer Disk', '1600x900');
insert into Movie_copies (copy_id, movie_id, format, resolution) values (441, 24, 'VHS', '1600x900');
insert into Movie_copies (copy_id, movie_id, format, resolution) values (442, 24, 'Blue Ray', '1600x900');
insert into Movie_copies (copy_id, movie_id, format, resolution) values (443, 60, 'USB', '800x500');
insert into Movie_copies (copy_id, movie_id, format, resolution) values (444, 16, 'Blue Ray', '1600x900');
insert into Movie_copies (copy_id, movie_id, format, resolution) values (445, 51, 'USB', '1920x1080');
insert into Movie_copies (copy_id, movie_id, format, resolution) values (446, 41, 'Lazer Disk', '1600x900');
insert into Movie_copies (copy_id, movie_id, format, resolution) values (447, 44, 'Lazer Disk', '1920x1080');
insert into Movie_copies (copy_id, movie_id, format, resolution) values (448, 66, 'DVD', '800x500');
insert into Movie_copies (copy_id, movie_id, format, resolution) values (449, 25, 'DVD', '1920x1080');
insert into Movie_copies (copy_id, movie_id, format, resolution) values (450, 65, 'Blue Ray', '1920x1080');
insert into Movie_copies (copy_id, movie_id, format, resolution) values (451, 60, 'DVD', '800x500');
insert into Movie_copies (copy_id, movie_id, format, resolution) values (452, 24, 'USB', '1600x900');
insert into Movie_copies (copy_id, movie_id, format, resolution) values (453, 23, 'Lazer Disk', '1920x1080');
insert into Movie_copies (copy_id, movie_id, format, resolution) values (454, 52, 'VHS', '1600x900');
insert into Movie_copies (copy_id, movie_id, format, resolution) values (455, 56, 'USB', '2560x1440');
insert into Movie_copies (copy_id, movie_id, format, resolution) values (456, 3, 'DVD', '1600x900');
insert into Movie_copies (copy_id, movie_id, format, resolution) values (457, 29, 'USB', '1920x1080');
insert into Movie_copies (copy_id, movie_id, format, resolution) values (458, 44, 'DVD', '800x500');
insert into Movie_copies (copy_id, movie_id, format, resolution) values (459, 11, 'VHS', '1920x1080');
insert into Movie_copies (copy_id, movie_id, format, resolution) values (460, 19, 'Blue Ray', '2560x1440');
insert into Movie_copies (copy_id, movie_id, format, resolution) values (461, 9, 'DVD', '1600x900');
insert into Movie_copies (copy_id, movie_id, format, resolution) values (462, 40, 'DVD', '1600x900');
insert into Movie_copies (copy_id, movie_id, format, resolution) values (463, 69, 'VHS', '2560x1440');
insert into Movie_copies (copy_id, movie_id, format, resolution) values (464, 32, 'Blue Ray', '1920x1080');
insert into Movie_copies (copy_id, movie_id, format, resolution) values (465, 11, 'DVD', '1920x1080');
insert into Movie_copies (copy_id, movie_id, format, resolution) values (466, 62, 'VHS', '800x500');
insert into Movie_copies (copy_id, movie_id, format, resolution) values (467, 53, 'DVD', '1600x900');
insert into Movie_copies (copy_id, movie_id, format, resolution) values (468, 32, 'Blue Ray', '2560x1440');
insert into Movie_copies (copy_id, movie_id, format, resolution) values (469, 54, 'VHS', '2560x1440');
insert into Movie_copies (copy_id, movie_id, format, resolution) values (470, 42, 'USB', '800x500');
insert into Movie_copies (copy_id, movie_id, format, resolution) values (471, 28, 'USB', '2560x1440');
insert into Movie_copies (copy_id, movie_id, format, resolution) values (472, 26, 'USB', '1600x900');
insert into Movie_copies (copy_id, movie_id, format, resolution) values (473, 24, 'Lazer Disk', '2560x1440');
insert into Movie_copies (copy_id, movie_id, format, resolution) values (474, 54, 'Lazer Disk', '1600x900');
insert into Movie_copies (copy_id, movie_id, format, resolution) values (475, 43, 'Blue Ray', '1920x1080');
insert into Movie_copies (copy_id, movie_id, format, resolution) values (476, 70, 'VHS', '2560x1440');
insert into Movie_copies (copy_id, movie_id, format, resolution) values (477, 65, 'Lazer Disk', '2560x1440');
insert into Movie_copies (copy_id, movie_id, format, resolution) values (478, 39, 'USB', '1600x900');
insert into Movie_copies (copy_id, movie_id, format, resolution) values (479, 40, 'DVD', '1600x900');
insert into Movie_copies (copy_id, movie_id, format, resolution) values (480, 58, 'VHS', '1600x900');
insert into Movie_copies (copy_id, movie_id, format, resolution) values (481, 51, 'USB', '1920x1080');
insert into Movie_copies (copy_id, movie_id, format, resolution) values (482, 5, 'DVD', '1920x1080');
insert into Movie_copies (copy_id, movie_id, format, resolution) values (483, 8, 'DVD', '1920x1080');
insert into Movie_copies (copy_id, movie_id, format, resolution) values (484, 50, 'Blue Ray', '1920x1080');
insert into Movie_copies (copy_id, movie_id, format, resolution) values (485, 10, 'Blue Ray', '2560x1440');
insert into Movie_copies (copy_id, movie_id, format, resolution) values (486, 46, 'Blue Ray', '2560x1440');
insert into Movie_copies (copy_id, movie_id, format, resolution) values (487, 5, 'VHS', '1600x900');
insert into Movie_copies (copy_id, movie_id, format, resolution) values (488, 36, 'Lazer Disk', '1920x1080');
insert into Movie_copies (copy_id, movie_id, format, resolution) values (489, 40, 'DVD', '1920x1080');
insert into Movie_copies (copy_id, movie_id, format, resolution) values (490, 60, 'VHS', '1600x900');
insert into Movie_copies (copy_id, movie_id, format, resolution) values (491, 6, 'DVD', '2560x1440');
insert into Movie_copies (copy_id, movie_id, format, resolution) values (492, 49, 'USB', '2560x1440');
insert into Movie_copies (copy_id, movie_id, format, resolution) values (493, 1, 'Lazer Disk', '1920x1080');
insert into Movie_copies (copy_id, movie_id, format, resolution) values (494, 55, 'VHS', '1600x900');
insert into Movie_copies (copy_id, movie_id, format, resolution) values (495, 50, 'DVD', '1600x900');
insert into Movie_copies (copy_id, movie_id, format, resolution) values (496, 3, 'Lazer Disk', '2560x1440');
insert into Movie_copies (copy_id, movie_id, format, resolution) values (497, 27, 'USB', '1920x1080');
insert into Movie_copies (copy_id, movie_id, format, resolution) values (498, 23, 'USB', '1600x900');
insert into Movie_copies (copy_id, movie_id, format, resolution) values (499, 61, 'USB', '2560x1440');
insert into Movie_copies (copy_id, movie_id, format, resolution) values (500, 58, 'Lazer Disk', '1920x1080');
insert into Movie_copies (copy_id, movie_id, format, resolution) values (501, 50, 'DVD', '1600x900');
insert into Movie_copies (copy_id, movie_id, format, resolution) values (502, 63, 'VHS', '2560x1440');
insert into Movie_copies (copy_id, movie_id, format, resolution) values (503, 16, 'VHS', '1920x1080');
insert into Movie_copies (copy_id, movie_id, format, resolution) values (504, 53, 'DVD', '2560x1440');
insert into Movie_copies (copy_id, movie_id, format, resolution) values (505, 12, 'Lazer Disk', '2560x1440');
insert into Movie_copies (copy_id, movie_id, format, resolution) values (506, 21, 'USB', '2560x1440');
insert into Movie_copies (copy_id, movie_id, format, resolution) values (507, 69, 'VHS', '2560x1440');
insert into Movie_copies (copy_id, movie_id, format, resolution) values (508, 25, 'USB', '1600x900');
insert into Movie_copies (copy_id, movie_id, format, resolution) values (509, 10, 'USB', '800x500');
insert into Movie_copies (copy_id, movie_id, format, resolution) values (510, 62, 'Blue Ray', '1920x1080');
insert into Movie_copies (copy_id, movie_id, format, resolution) values (511, 23, 'VHS', '1920x1080');
insert into Movie_copies (copy_id, movie_id, format, resolution) values (512, 37, 'Blue Ray', '2560x1440');
insert into Movie_copies (copy_id, movie_id, format, resolution) values (513, 1, 'Lazer Disk', '1920x1080');
insert into Movie_copies (copy_id, movie_id, format, resolution) values (514, 13, 'Lazer Disk', '1920x1080');
insert into Movie_copies (copy_id, movie_id, format, resolution) values (515, 26, 'Lazer Disk', '1920x1080');
insert into Movie_copies (copy_id, movie_id, format, resolution) values (516, 31, 'USB', '1600x900');
insert into Movie_copies (copy_id, movie_id, format, resolution) values (517, 8, 'VHS', '1920x1080');
insert into Movie_copies (copy_id, movie_id, format, resolution) values (518, 58, 'Blue Ray', '2560x1440');
insert into Movie_copies (copy_id, movie_id, format, resolution) values (519, 32, 'VHS', '2560x1440');
insert into Movie_copies (copy_id, movie_id, format, resolution) values (520, 49, 'Blue Ray', '800x500');
insert into Movie_copies (copy_id, movie_id, format, resolution) values (521, 46, 'USB', '800x500');
insert into Movie_copies (copy_id, movie_id, format, resolution) values (522, 68, 'DVD', '1920x1080');
insert into Movie_copies (copy_id, movie_id, format, resolution) values (523, 63, 'USB', '1920x1080');
insert into Movie_copies (copy_id, movie_id, format, resolution) values (524, 28, 'USB', '1920x1080');
insert into Movie_copies (copy_id, movie_id, format, resolution) values (525, 64, 'DVD', '1920x1080');
insert into Movie_copies (copy_id, movie_id, format, resolution) values (526, 38, 'VHS', '2560x1440');
insert into Movie_copies (copy_id, movie_id, format, resolution) values (527, 15, 'Blue Ray', '2560x1440');
insert into Movie_copies (copy_id, movie_id, format, resolution) values (528, 35, 'Blue Ray', '1920x1080');
insert into Movie_copies (copy_id, movie_id, format, resolution) values (529, 18, 'VHS', '2560x1440');
insert into Movie_copies (copy_id, movie_id, format, resolution) values (530, 19, 'VHS', '1600x900');
insert into Movie_copies (copy_id, movie_id, format, resolution) values (531, 56, 'Lazer Disk', '1600x900');
insert into Movie_copies (copy_id, movie_id, format, resolution) values (532, 7, 'DVD', '800x500');
insert into Movie_copies (copy_id, movie_id, format, resolution) values (533, 30, 'USB', '1920x1080');
insert into Movie_copies (copy_id, movie_id, format, resolution) values (534, 68, 'VHS', '1920x1080');
insert into Movie_copies (copy_id, movie_id, format, resolution) values (535, 55, 'USB', '1600x900');
insert into Movie_copies (copy_id, movie_id, format, resolution) values (536, 58, 'Blue Ray', '1600x900');
insert into Movie_copies (copy_id, movie_id, format, resolution) values (537, 13, 'Blue Ray', '2560x1440');
insert into Movie_copies (copy_id, movie_id, format, resolution) values (538, 35, 'USB', '2560x1440');
insert into Movie_copies (copy_id, movie_id, format, resolution) values (539, 25, 'Lazer Disk', '800x500');
insert into Movie_copies (copy_id, movie_id, format, resolution) values (540, 35, 'USB', '2560x1440');
insert into Movie_copies (copy_id, movie_id, format, resolution) values (541, 25, 'Lazer Disk', '1600x900');
insert into Movie_copies (copy_id, movie_id, format, resolution) values (542, 32, 'DVD', '2560x1440');
insert into Movie_copies (copy_id, movie_id, format, resolution) values (543, 47, 'DVD', '1920x1080');
insert into Movie_copies (copy_id, movie_id, format, resolution) values (544, 51, 'Blue Ray', '2560x1440');
insert into Movie_copies (copy_id, movie_id, format, resolution) values (545, 53, 'USB', '1600x900');
insert into Movie_copies (copy_id, movie_id, format, resolution) values (546, 65, 'DVD', '800x500');
insert into Movie_copies (copy_id, movie_id, format, resolution) values (547, 33, 'USB', '1600x900');
insert into Movie_copies (copy_id, movie_id, format, resolution) values (548, 7, 'DVD', '1600x900');
insert into Movie_copies (copy_id, movie_id, format, resolution) values (549, 61, 'Lazer Disk', '1600x900');
insert into Movie_copies (copy_id, movie_id, format, resolution) values (550, 25, 'Blue Ray', '1600x900');
insert into Movie_copies (copy_id, movie_id, format, resolution) values (551, 59, 'DVD', '1600x900');
insert into Movie_copies (copy_id, movie_id, format, resolution) values (552, 10, 'USB', '1920x1080');
insert into Movie_copies (copy_id, movie_id, format, resolution) values (553, 35, 'VHS', '2560x1440');
insert into Movie_copies (copy_id, movie_id, format, resolution) values (554, 6, 'VHS', '1600x900');
insert into Movie_copies (copy_id, movie_id, format, resolution) values (555, 42, 'Blue Ray', '1600x900');
insert into Movie_copies (copy_id, movie_id, format, resolution) values (556, 27, 'Blue Ray', '2560x1440');
insert into Movie_copies (copy_id, movie_id, format, resolution) values (557, 48, 'VHS', '800x500');
insert into Movie_copies (copy_id, movie_id, format, resolution) values (558, 39, 'DVD', '1920x1080');
insert into Movie_copies (copy_id, movie_id, format, resolution) values (559, 19, 'Blue Ray', '1920x1080');
insert into Movie_copies (copy_id, movie_id, format, resolution) values (560, 32, 'USB', '2560x1440');
insert into Movie_copies (copy_id, movie_id, format, resolution) values (561, 11, 'VHS', '1920x1080');
insert into Movie_copies (copy_id, movie_id, format, resolution) values (562, 24, 'Lazer Disk', '2560x1440');
insert into Movie_copies (copy_id, movie_id, format, resolution) values (563, 42, 'DVD', '1920x1080');
insert into Movie_copies (copy_id, movie_id, format, resolution) values (564, 54, 'Lazer Disk', '1920x1080');
insert into Movie_copies (copy_id, movie_id, format, resolution) values (565, 3, 'DVD', '800x500');
insert into Movie_copies (copy_id, movie_id, format, resolution) values (566, 27, 'DVD', '800x500');
insert into Movie_copies (copy_id, movie_id, format, resolution) values (567, 28, 'Blue Ray', '800x500');
insert into Movie_copies (copy_id, movie_id, format, resolution) values (568, 54, 'DVD', '1600x900');
insert into Movie_copies (copy_id, movie_id, format, resolution) values (569, 44, 'Blue Ray', '2560x1440');
insert into Movie_copies (copy_id, movie_id, format, resolution) values (570, 12, 'DVD', '2560x1440');
insert into Movie_copies (copy_id, movie_id, format, resolution) values (571, 42, 'USB', '1920x1080');
insert into Movie_copies (copy_id, movie_id, format, resolution) values (572, 51, 'Blue Ray', '1600x900');
insert into Movie_copies (copy_id, movie_id, format, resolution) values (573, 57, 'VHS', '800x500');
insert into Movie_copies (copy_id, movie_id, format, resolution) values (574, 1, 'Lazer Disk', '1600x900');
insert into Movie_copies (copy_id, movie_id, format, resolution) values (575, 57, 'VHS', '1920x1080');
insert into Movie_copies (copy_id, movie_id, format, resolution) values (576, 62, 'Lazer Disk', '2560x1440');
insert into Movie_copies (copy_id, movie_id, format, resolution) values (577, 68, 'USB', '2560x1440');
insert into Movie_copies (copy_id, movie_id, format, resolution) values (578, 21, 'DVD', '2560x1440');
insert into Movie_copies (copy_id, movie_id, format, resolution) values (579, 14, 'DVD', '1920x1080');
insert into Movie_copies (copy_id, movie_id, format, resolution) values (580, 56, 'USB', '800x500');
insert into Movie_copies (copy_id, movie_id, format, resolution) values (581, 47, 'DVD', '1920x1080');
insert into Movie_copies (copy_id, movie_id, format, resolution) values (582, 18, 'DVD', '1920x1080');
insert into Movie_copies (copy_id, movie_id, format, resolution) values (583, 25, 'Lazer Disk', '800x500');
insert into Movie_copies (copy_id, movie_id, format, resolution) values (584, 58, 'Lazer Disk', '800x500');
insert into Movie_copies (copy_id, movie_id, format, resolution) values (585, 6, 'DVD', '1600x900');
insert into Movie_copies (copy_id, movie_id, format, resolution) values (586, 44, 'USB', '2560x1440');
insert into Movie_copies (copy_id, movie_id, format, resolution) values (587, 30, 'DVD', '1920x1080');
insert into Movie_copies (copy_id, movie_id, format, resolution) values (588, 68, 'DVD', '2560x1440');
insert into Movie_copies (copy_id, movie_id, format, resolution) values (589, 1, 'USB', '1920x1080');
insert into Movie_copies (copy_id, movie_id, format, resolution) values (590, 56, 'Lazer Disk', '1920x1080');
insert into Movie_copies (copy_id, movie_id, format, resolution) values (591, 22, 'Blue Ray', '800x500');
insert into Movie_copies (copy_id, movie_id, format, resolution) values (592, 17, 'VHS', '1600x900');
insert into Movie_copies (copy_id, movie_id, format, resolution) values (593, 9, 'Blue Ray', '2560x1440');
insert into Movie_copies (copy_id, movie_id, format, resolution) values (594, 22, 'VHS', '1600x900');
insert into Movie_copies (copy_id, movie_id, format, resolution) values (595, 35, 'DVD', '1920x1080');
insert into Movie_copies (copy_id, movie_id, format, resolution) values (596, 52, 'VHS', '1600x900');
insert into Movie_copies (copy_id, movie_id, format, resolution) values (597, 32, 'DVD', '2560x1440');
insert into Movie_copies (copy_id, movie_id, format, resolution) values (598, 55, 'VHS', '1920x1080');
insert into Movie_copies (copy_id, movie_id, format, resolution) values (599, 31, 'Lazer Disk', '800x500');
insert into Movie_copies (copy_id, movie_id, format, resolution) values (600, 8, 'Blue Ray', '1600x900');
insert into Movie_copies (copy_id, movie_id, format, resolution) values (601, 30, 'USB', '800x500');
insert into Movie_copies (copy_id, movie_id, format, resolution) values (602, 63, 'USB', '2560x1440');
insert into Movie_copies (copy_id, movie_id, format, resolution) values (603, 1, 'Lazer Disk', '2560x1440');
insert into Movie_copies (copy_id, movie_id, format, resolution) values (604, 6, 'USB', '1920x1080');
insert into Movie_copies (copy_id, movie_id, format, resolution) values (605, 13, 'Blue Ray', '1600x900');
insert into Movie_copies (copy_id, movie_id, format, resolution) values (606, 44, 'DVD', '2560x1440');
insert into Movie_copies (copy_id, movie_id, format, resolution) values (607, 37, 'Blue Ray', '1920x1080');
insert into Movie_copies (copy_id, movie_id, format, resolution) values (608, 45, 'DVD', '2560x1440');
insert into Movie_copies (copy_id, movie_id, format, resolution) values (609, 57, 'VHS', '1920x1080');
insert into Movie_copies (copy_id, movie_id, format, resolution) values (610, 38, 'Lazer Disk', '1600x900');
insert into Movie_copies (copy_id, movie_id, format, resolution) values (611, 11, 'USB', '800x500');
insert into Movie_copies (copy_id, movie_id, format, resolution) values (612, 16, 'Lazer Disk', '2560x1440');
insert into Movie_copies (copy_id, movie_id, format, resolution) values (613, 54, 'USB', '2560x1440');
insert into Movie_copies (copy_id, movie_id, format, resolution) values (614, 47, 'USB', '1600x900');
insert into Movie_copies (copy_id, movie_id, format, resolution) values (615, 48, 'Lazer Disk', '1920x1080');
insert into Movie_copies (copy_id, movie_id, format, resolution) values (616, 38, 'Blue Ray', '1600x900');
insert into Movie_copies (copy_id, movie_id, format, resolution) values (617, 65, 'USB', '800x500');
insert into Movie_copies (copy_id, movie_id, format, resolution) values (618, 2, 'Lazer Disk', '800x500');
insert into Movie_copies (copy_id, movie_id, format, resolution) values (619, 17, 'Lazer Disk', '1600x900');
insert into Movie_copies (copy_id, movie_id, format, resolution) values (620, 64, 'Blue Ray', '1920x1080');
insert into Movie_copies (copy_id, movie_id, format, resolution) values (621, 59, 'Blue Ray', '1920x1080');
insert into Movie_copies (copy_id, movie_id, format, resolution) values (622, 18, 'USB', '2560x1440');
insert into Movie_copies (copy_id, movie_id, format, resolution) values (623, 41, 'DVD', '2560x1440');
insert into Movie_copies (copy_id, movie_id, format, resolution) values (624, 26, 'Blue Ray', '800x500');
insert into Movie_copies (copy_id, movie_id, format, resolution) values (625, 38, 'Lazer Disk', '800x500');
insert into Movie_copies (copy_id, movie_id, format, resolution) values (626, 54, 'USB', '2560x1440');
insert into Movie_copies (copy_id, movie_id, format, resolution) values (627, 7, 'Lazer Disk', '2560x1440');
insert into Movie_copies (copy_id, movie_id, format, resolution) values (628, 25, 'Blue Ray', '1600x900');
insert into Movie_copies (copy_id, movie_id, format, resolution) values (629, 1, 'USB', '1600x900');
insert into Movie_copies (copy_id, movie_id, format, resolution) values (630, 1, 'Blue Ray', '1600x900');
insert into Movie_copies (copy_id, movie_id, format, resolution) values (631, 52, 'Lazer Disk', '1600x900');
insert into Movie_copies (copy_id, movie_id, format, resolution) values (632, 29, 'Lazer Disk', '1920x1080');
insert into Movie_copies (copy_id, movie_id, format, resolution) values (633, 2, 'Blue Ray', '1920x1080');
insert into Movie_copies (copy_id, movie_id, format, resolution) values (634, 69, 'Blue Ray', '1920x1080');
insert into Movie_copies (copy_id, movie_id, format, resolution) values (635, 26, 'Lazer Disk', '1600x900');
insert into Movie_copies (copy_id, movie_id, format, resolution) values (636, 1, 'Lazer Disk', '1920x1080');
insert into Movie_copies (copy_id, movie_id, format, resolution) values (637, 18, 'Blue Ray', '1920x1080');
insert into Movie_copies (copy_id, movie_id, format, resolution) values (638, 30, 'USB', '1600x900');
insert into Movie_copies (copy_id, movie_id, format, resolution) values (639, 22, 'DVD', '1920x1080');
insert into Movie_copies (copy_id, movie_id, format, resolution) values (640, 59, 'USB', '1920x1080');
insert into Movie_copies (copy_id, movie_id, format, resolution) values (641, 25, 'DVD', '800x500');
insert into Movie_copies (copy_id, movie_id, format, resolution) values (642, 16, 'DVD', '1920x1080');
insert into Movie_copies (copy_id, movie_id, format, resolution) values (643, 18, 'VHS', '1920x1080');
insert into Movie_copies (copy_id, movie_id, format, resolution) values (644, 9, 'Lazer Disk', '1920x1080');
insert into Movie_copies (copy_id, movie_id, format, resolution) values (645, 36, 'Lazer Disk', '2560x1440');
insert into Movie_copies (copy_id, movie_id, format, resolution) values (646, 41, 'USB', '1920x1080');
insert into Movie_copies (copy_id, movie_id, format, resolution) values (647, 35, 'USB', '1600x900');
insert into Movie_copies (copy_id, movie_id, format, resolution) values (648, 64, 'Lazer Disk', '2560x1440');
insert into Movie_copies (copy_id, movie_id, format, resolution) values (649, 68, 'USB', '1600x900');
insert into Movie_copies (copy_id, movie_id, format, resolution) values (650, 9, 'Lazer Disk', '2560x1440');
insert into Movie_copies (copy_id, movie_id, format, resolution) values (651, 22, 'Blue Ray', '1920x1080');
insert into Movie_copies (copy_id, movie_id, format, resolution) values (652, 31, 'Lazer Disk', '800x500');
insert into Movie_copies (copy_id, movie_id, format, resolution) values (653, 23, 'DVD', '800x500');
insert into Movie_copies (copy_id, movie_id, format, resolution) values (654, 26, 'Blue Ray', '1920x1080');
insert into Movie_copies (copy_id, movie_id, format, resolution) values (655, 68, 'USB', '1920x1080');
insert into Movie_copies (copy_id, movie_id, format, resolution) values (656, 57, 'Blue Ray', '2560x1440');
insert into Movie_copies (copy_id, movie_id, format, resolution) values (657, 21, 'USB', '1600x900');
insert into Movie_copies (copy_id, movie_id, format, resolution) values (658, 42, 'VHS', '800x500');
insert into Movie_copies (copy_id, movie_id, format, resolution) values (659, 38, 'Lazer Disk', '1920x1080');
insert into Movie_copies (copy_id, movie_id, format, resolution) values (660, 23, 'Blue Ray', '1920x1080');
insert into Movie_copies (copy_id, movie_id, format, resolution) values (661, 58, 'DVD', '1920x1080');
insert into Movie_copies (copy_id, movie_id, format, resolution) values (662, 59, 'DVD', '2560x1440');
insert into Movie_copies (copy_id, movie_id, format, resolution) values (663, 45, 'VHS', '2560x1440');
insert into Movie_copies (copy_id, movie_id, format, resolution) values (664, 59, 'DVD', '2560x1440');
insert into Movie_copies (copy_id, movie_id, format, resolution) values (665, 52, 'USB', '2560x1440');
insert into Movie_copies (copy_id, movie_id, format, resolution) values (666, 4, 'Lazer Disk', '2560x1440');
insert into Movie_copies (copy_id, movie_id, format, resolution) values (667, 70, 'Lazer Disk', '800x500');
insert into Movie_copies (copy_id, movie_id, format, resolution) values (668, 25, 'VHS', '2560x1440');
insert into Movie_copies (copy_id, movie_id, format, resolution) values (669, 45, 'USB', '800x500');
insert into Movie_copies (copy_id, movie_id, format, resolution) values (670, 59, 'Lazer Disk', '800x500');
insert into Movie_copies (copy_id, movie_id, format, resolution) values (671, 28, 'DVD', '2560x1440');
insert into Movie_copies (copy_id, movie_id, format, resolution) values (672, 7, 'USB', '1600x900');
insert into Movie_copies (copy_id, movie_id, format, resolution) values (673, 63, 'Lazer Disk', '1600x900');
insert into Movie_copies (copy_id, movie_id, format, resolution) values (674, 47, 'DVD', '800x500');
insert into Movie_copies (copy_id, movie_id, format, resolution) values (675, 39, 'USB', '800x500');
insert into Movie_copies (copy_id, movie_id, format, resolution) values (676, 16, 'USB', '1600x900');
insert into Movie_copies (copy_id, movie_id, format, resolution) values (677, 47, 'Blue Ray', '1600x900');
insert into Movie_copies (copy_id, movie_id, format, resolution) values (678, 5, 'DVD', '2560x1440');
insert into Movie_copies (copy_id, movie_id, format, resolution) values (679, 39, 'VHS', '800x500');
insert into Movie_copies (copy_id, movie_id, format, resolution) values (680, 28, 'Lazer Disk', '2560x1440');
insert into Movie_copies (copy_id, movie_id, format, resolution) values (681, 27, 'VHS', '2560x1440');
insert into Movie_copies (copy_id, movie_id, format, resolution) values (682, 45, 'Lazer Disk', '1600x900');
insert into Movie_copies (copy_id, movie_id, format, resolution) values (683, 13, 'Blue Ray', '2560x1440');
insert into Movie_copies (copy_id, movie_id, format, resolution) values (684, 57, 'VHS', '1600x900');
insert into Movie_copies (copy_id, movie_id, format, resolution) values (685, 32, 'DVD', '2560x1440');
insert into Movie_copies (copy_id, movie_id, format, resolution) values (686, 29, 'Lazer Disk', '1600x900');
insert into Movie_copies (copy_id, movie_id, format, resolution) values (687, 66, 'Lazer Disk', '800x500');
insert into Movie_copies (copy_id, movie_id, format, resolution) values (688, 8, 'DVD', '2560x1440');
insert into Movie_copies (copy_id, movie_id, format, resolution) values (689, 61, 'Lazer Disk', '1920x1080');
insert into Movie_copies (copy_id, movie_id, format, resolution) values (690, 62, 'DVD', '2560x1440');
insert into Movie_copies (copy_id, movie_id, format, resolution) values (691, 19, 'VHS', '1600x900');
insert into Movie_copies (copy_id, movie_id, format, resolution) values (692, 21, 'VHS', '2560x1440');
insert into Movie_copies (copy_id, movie_id, format, resolution) values (693, 14, 'USB', '2560x1440');
insert into Movie_copies (copy_id, movie_id, format, resolution) values (694, 9, 'DVD', '2560x1440');
insert into Movie_copies (copy_id, movie_id, format, resolution) values (695, 24, 'Lazer Disk', '1600x900');
insert into Movie_copies (copy_id, movie_id, format, resolution) values (696, 1, 'Blue Ray', '2560x1440');
insert into Movie_copies (copy_id, movie_id, format, resolution) values (697, 67, 'USB', '2560x1440');
insert into Movie_copies (copy_id, movie_id, format, resolution) values (698, 36, 'Lazer Disk', '2560x1440');
insert into Movie_copies (copy_id, movie_id, format, resolution) values (699, 4, 'Blue Ray', '2560x1440');
insert into Movie_copies (copy_id, movie_id, format, resolution) values (700, 11, 'DVD', '2560x1440');

insert into Plans (plan_number, max_concurrent, max_monthly, cost) values (1, 1, 2, 10);
insert into Plans (plan_number, max_concurrent, max_monthly, cost) values (2, 1, 0, 15);
insert into Plans (plan_number, max_concurrent, max_monthly, cost) values (3, 2, 0, 20);
insert into Plans (plan_number, max_concurrent, max_monthly, cost) values (4, 3, 0, 25);

insert into Employees (employee_id, social_insurance_number, first_name, last_name, address, city, state, zip_code, telephone, start_date, hourly_rate) values (1, '658-61-3868', 'Margette', 'Veryan', '87 Debs Junction', 'Virginia Beach', 'Virginia', '23464', '757-634-9319', '05/08/2022', 47.55);
insert into Employees (employee_id, social_insurance_number, first_name, last_name, address, city, state, zip_code, telephone, start_date, hourly_rate) values (2, '202-74-8298', 'Micky', 'Bemwell', '15406 Kingsford Drive', 'Boston', 'Massachusetts', '02283', '978-631-1207', '15/12/2021', 60.74);
insert into Employees (employee_id, social_insurance_number, first_name, last_name, address, city, state, zip_code, telephone, start_date, hourly_rate) values (3, '356-31-0547', 'Burr', 'Cardinal', '34 Starling Court', 'New York City', 'New York', '10115', '212-379-0748', '02/11/2022', 78.48);
insert into Employees (employee_id, social_insurance_number, first_name, last_name, address, city, state, zip_code, telephone, start_date, hourly_rate) values (4, '139-24-1556', 'Maren', 'Proudlock', '34358 Oak Way', 'Dallas', 'Texas', '75367', '214-932-9021', '28/07/2022', 13.28);
insert into Employees (employee_id, social_insurance_number, first_name, last_name, address, city, state, zip_code, telephone, start_date, hourly_rate) values (5, '530-81-0280', 'Bendite', 'Simmig', '9 Badeau Terrace', 'Carlsbad', 'California', '92013', '760-516-2641', '27/08/2022', 79.21);
insert into Employees (employee_id, social_insurance_number, first_name, last_name, address, city, state, zip_code, telephone, start_date, hourly_rate) values (6, '457-18-1331', 'Chet', 'Grigori', '2 Coolidge Lane', 'Torrance', 'California', '90510', '818-840-3139', '13/07/2022', 53.51);
insert into Employees (employee_id, social_insurance_number, first_name, last_name, address, city, state, zip_code, telephone, start_date, hourly_rate) values (7, '350-90-1971', 'Thurston', 'Southwick', '3669 Packers Point', 'Concord', 'California', '94522', '925-203-5773', '17/02/2022', 77.14);
insert into Employees (employee_id, social_insurance_number, first_name, last_name, address, city, state, zip_code, telephone, start_date, hourly_rate) values (8, '485-65-7373', 'Rois', 'Gorini', '28 Heath Way', 'Green Bay', 'Wisconsin', '54305', '920-966-2150', '01/08/2022', 75.97);
insert into Employees (employee_id, social_insurance_number, first_name, last_name, address, city, state, zip_code, telephone, start_date, hourly_rate) values (9, '560-54-4910', 'Dennet', 'Hundey', '89 Leroy Drive', 'Richmond', 'Virginia', '23277', '804-445-8864', '04/02/2022', 37.46);
insert into Employees (employee_id, social_insurance_number, first_name, last_name, address, city, state, zip_code, telephone, start_date, hourly_rate) values (10, '126-57-1081', 'Jilli', 'Rosenblum', '7 7th Way', 'Lakeland', 'Florida', '33811', '863-848-3731', '19/09/2022', 45.85);

insert into Acts_in (actor_id, movie_id) values (21, 52);
insert into Acts_in (actor_id, movie_id) values (5, 21);
insert into Acts_in (actor_id, movie_id) values (4, 44);
insert into Acts_in (actor_id, movie_id) values (9, 10);
insert into Acts_in (actor_id, movie_id) values (18, 56);
insert into Acts_in (actor_id, movie_id) values (16, 16);
insert into Acts_in (actor_id, movie_id) values (23, 59);
insert into Acts_in (actor_id, movie_id) values (9, 23);
insert into Acts_in (actor_id, movie_id) values (27, 49);
insert into Acts_in (actor_id, movie_id) values (1, 69);
insert into Acts_in (actor_id, movie_id) values (28, 4);
insert into Acts_in (actor_id, movie_id) values (37, 47);
insert into Acts_in (actor_id, movie_id) values (35, 41);
insert into Acts_in (actor_id, movie_id) values (14, 15);
insert into Acts_in (actor_id, movie_id) values (1, 24);
insert into Acts_in (actor_id, movie_id) values (33, 35);
insert into Acts_in (actor_id, movie_id) values (6, 9);
insert into Acts_in (actor_id, movie_id) values (40, 48);
insert into Acts_in (actor_id, movie_id) values (1, 62);
insert into Acts_in (actor_id, movie_id) values (40, 66);
insert into Acts_in (actor_id, movie_id) values (13, 27);
insert into Acts_in (actor_id, movie_id) values (37, 26);
insert into Acts_in (actor_id, movie_id) values (23, 8);
insert into Acts_in (actor_id, movie_id) values (30, 53);
insert into Acts_in (actor_id, movie_id) values (14, 59);
insert into Acts_in (actor_id, movie_id) values (5, 38);
insert into Acts_in (actor_id, movie_id) values (38, 5);
insert into Acts_in (actor_id, movie_id) values (14, 6);
insert into Acts_in (actor_id, movie_id) values (9, 22);
insert into Acts_in (actor_id, movie_id) values (2, 39);
insert into Acts_in (actor_id, movie_id) values (22, 51);
insert into Acts_in (actor_id, movie_id) values (27, 65);
insert into Acts_in (actor_id, movie_id) values (17, 1);
insert into Acts_in (actor_id, movie_id) values (40, 54);
insert into Acts_in (actor_id, movie_id) values (34, 18);
insert into Acts_in (actor_id, movie_id) values (15, 64);
insert into Acts_in (actor_id, movie_id) values (19, 2);
insert into Acts_in (actor_id, movie_id) values (15, 12);
insert into Acts_in (actor_id, movie_id) values (10, 16);
insert into Acts_in (actor_id, movie_id) values (38, 48);
insert into Acts_in (actor_id, movie_id) values (17, 60);
insert into Acts_in (actor_id, movie_id) values (3, 30);
insert into Acts_in (actor_id, movie_id) values (2, 20);
insert into Acts_in (actor_id, movie_id) values (31, 31);
insert into Acts_in (actor_id, movie_id) values (12, 56);
insert into Acts_in (actor_id, movie_id) values (26, 49);
insert into Acts_in (actor_id, movie_id) values (22, 28);
insert into Acts_in (actor_id, movie_id) values (40, 2);
insert into Acts_in (actor_id, movie_id) values (33, 1);
insert into Acts_in (actor_id, movie_id) values (14, 69);
insert into Acts_in (actor_id, movie_id) values (3, 61);
insert into Acts_in (actor_id, movie_id) values (19, 14);
insert into Acts_in (actor_id, movie_id) values (27, 35);
insert into Acts_in (actor_id, movie_id) values (13, 22);
insert into Acts_in (actor_id, movie_id) values (24, 27);
insert into Acts_in (actor_id, movie_id) values (11, 1);
insert into Acts_in (actor_id, movie_id) values (20, 45);
insert into Acts_in (actor_id, movie_id) values (30, 37);
insert into Acts_in (actor_id, movie_id) values (2, 19);
insert into Acts_in (actor_id, movie_id) values (14, 61);
insert into Acts_in (actor_id, movie_id) values (28, 44);
insert into Acts_in (actor_id, movie_id) values (24, 39);
insert into Acts_in (actor_id, movie_id) values (34, 15);
insert into Acts_in (actor_id, movie_id) values (34, 67);
insert into Acts_in (actor_id, movie_id) values (37, 39);
insert into Acts_in (actor_id, movie_id) values (27, 62);
insert into Acts_in (actor_id, movie_id) values (4, 20);
insert into Acts_in (actor_id, movie_id) values (20, 27);
insert into Acts_in (actor_id, movie_id) values (29, 49);
insert into Acts_in (actor_id, movie_id) values (13, 3);
insert into Acts_in (actor_id, movie_id) values (3, 44);
insert into Acts_in (actor_id, movie_id) values (28, 58);
insert into Acts_in (actor_id, movie_id) values (36, 11);
insert into Acts_in (actor_id, movie_id) values (29, 62);
insert into Acts_in (actor_id, movie_id) values (23, 58);
insert into Acts_in (actor_id, movie_id) values (39, 37);
insert into Acts_in (actor_id, movie_id) values (20, 8);
insert into Acts_in (actor_id, movie_id) values (31, 60);
insert into Acts_in (actor_id, movie_id) values (29, 66);
insert into Acts_in (actor_id, movie_id) values (24, 65);
insert into Acts_in (actor_id, movie_id) values (31, 16);
insert into Acts_in (actor_id, movie_id) values (22, 30);
insert into Acts_in (actor_id, movie_id) values (24, 65);
insert into Acts_in (actor_id, movie_id) values (21, 12);
insert into Acts_in (actor_id, movie_id) values (5, 20);
insert into Acts_in (actor_id, movie_id) values (24, 60);
insert into Acts_in (actor_id, movie_id) values (35, 37);
insert into Acts_in (actor_id, movie_id) values (10, 37);
insert into Acts_in (actor_id, movie_id) values (20, 11);
insert into Acts_in (actor_id, movie_id) values (31, 40);
insert into Acts_in (actor_id, movie_id) values (31, 55);
insert into Acts_in (actor_id, movie_id) values (18, 17);
insert into Acts_in (actor_id, movie_id) values (1, 66);
insert into Acts_in (actor_id, movie_id) values (4, 36);
insert into Acts_in (actor_id, movie_id) values (37, 43);
insert into Acts_in (actor_id, movie_id) values (18, 3);
insert into Acts_in (actor_id, movie_id) values (28, 65);
insert into Acts_in (actor_id, movie_id) values (27, 67);
insert into Acts_in (actor_id, movie_id) values (39, 26);
insert into Acts_in (actor_id, movie_id) values (6, 51);
insert into Acts_in (actor_id, movie_id) values (12, 58);
insert into Acts_in (actor_id, movie_id) values (1, 47);
insert into Acts_in (actor_id, movie_id) values (19, 6);
insert into Acts_in (actor_id, movie_id) values (11, 36);
insert into Acts_in (actor_id, movie_id) values (35, 5);
insert into Acts_in (actor_id, movie_id) values (17, 35);
insert into Acts_in (actor_id, movie_id) values (32, 33);
insert into Acts_in (actor_id, movie_id) values (36, 8);
insert into Acts_in (actor_id, movie_id) values (25, 38);
insert into Acts_in (actor_id, movie_id) values (18, 64);
insert into Acts_in (actor_id, movie_id) values (15, 44);
insert into Acts_in (actor_id, movie_id) values (3, 46);
insert into Acts_in (actor_id, movie_id) values (38, 57);
insert into Acts_in (actor_id, movie_id) values (23, 11);
insert into Acts_in (actor_id, movie_id) values (9, 67);
insert into Acts_in (actor_id, movie_id) values (15, 8);
insert into Acts_in (actor_id, movie_id) values (30, 44);
insert into Acts_in (actor_id, movie_id) values (23, 22);
insert into Acts_in (actor_id, movie_id) values (6, 20);
insert into Acts_in (actor_id, movie_id) values (37, 19);
insert into Acts_in (actor_id, movie_id) values (25, 29);
insert into Acts_in (actor_id, movie_id) values (7, 39);
insert into Acts_in (actor_id, movie_id) values (24, 48);
insert into Acts_in (actor_id, movie_id) values (22, 12);
insert into Acts_in (actor_id, movie_id) values (31, 56);
insert into Acts_in (actor_id, movie_id) values (31, 15);
insert into Acts_in (actor_id, movie_id) values (29, 42);
insert into Acts_in (actor_id, movie_id) values (34, 29);
insert into Acts_in (actor_id, movie_id) values (37, 68);
insert into Acts_in (actor_id, movie_id) values (11, 70);
insert into Acts_in (actor_id, movie_id) values (6, 11);
insert into Acts_in (actor_id, movie_id) values (4, 3);
insert into Acts_in (actor_id, movie_id) values (10, 42);
insert into Acts_in (actor_id, movie_id) values (6, 61);
insert into Acts_in (actor_id, movie_id) values (30, 31);
insert into Acts_in (actor_id, movie_id) values (19, 66);
insert into Acts_in (actor_id, movie_id) values (13, 66);
insert into Acts_in (actor_id, movie_id) values (20, 41);
insert into Acts_in (actor_id, movie_id) values (15, 24);
insert into Acts_in (actor_id, movie_id) values (26, 11);
insert into Acts_in (actor_id, movie_id) values (29, 18);
insert into Acts_in (actor_id, movie_id) values (10, 31);
insert into Acts_in (actor_id, movie_id) values (12, 68);
insert into Acts_in (actor_id, movie_id) values (15, 25);
insert into Acts_in (actor_id, movie_id) values (11, 47);
insert into Acts_in (actor_id, movie_id) values (31, 47);
insert into Acts_in (actor_id, movie_id) values (25, 45);
insert into Acts_in (actor_id, movie_id) values (31, 25);
insert into Acts_in (actor_id, movie_id) values (29, 69);
insert into Acts_in (actor_id, movie_id) values (15, 67);
insert into Acts_in (actor_id, movie_id) values (13, 69);
insert into Acts_in (actor_id, movie_id) values (25, 15);
insert into Acts_in (actor_id, movie_id) values (35, 17);
insert into Acts_in (actor_id, movie_id) values (19, 45);
insert into Acts_in (actor_id, movie_id) values (9, 70);
insert into Acts_in (actor_id, movie_id) values (32, 47);

insert into Customer (account_number, first_name, last_name, address, city, state, zip_code, telephone, email, create_cust_date, credit_card, plan_number, start_date, end_date, customer_rating) values (1, 'Annelise', 'Fergie', '8879 Hanover Center', 'Los Angeles', 'California', '90087', '213-128-8773', 'afergie0@fema.gov', '11/01/2022', '372301955433703', 3, '27/10/2020', '04/10/2023', 2);
insert into Customer (account_number, first_name, last_name, address, city, state, zip_code, telephone, email, create_cust_date, credit_card, plan_number, start_date, end_date, customer_rating) values (2, 'Gerard', 'Moroney', '015 Crest Line Hill', 'Pensacola', 'Florida', '32526', '850-820-1039', 'gmoroney1@google.nl', '20/01/2021', '5010120841349718', 4, '04/08/2019', '11/11/2023', 1);
insert into Customer (account_number, first_name, last_name, address, city, state, zip_code, telephone, email, create_cust_date, credit_card, plan_number, start_date, end_date, customer_rating) values (3, 'Monti', 'Tocher', '8 Alpine Parkway', 'Ridgely', 'Maryland', '21684', '410-997-7496', 'mtocher2@unesco.org', '31/07/2020', '5002350479068278', 2, '26/05/2017', '21/07/2023', 2);
insert into Customer (account_number, first_name, last_name, address, city, state, zip_code, telephone, email, create_cust_date, credit_card, plan_number, start_date, end_date, customer_rating) values (4, 'Nissy', 'Jann', '4307 Riverside Crossing', 'Valdosta', 'Georgia', '31605', '229-708-8537', 'njann3@prnewswire.com', '05/03/2017', '5007662208969534', 3, '02/04/2020', '10/08/2023', 4);
insert into Customer (account_number, first_name, last_name, address, city, state, zip_code, telephone, email, create_cust_date, credit_card, plan_number, start_date, end_date, customer_rating) values (5, 'Nicola', 'Benettini', '788 Prentice Terrace', 'Durham', 'North Carolina', '27717', '919-705-5355', 'nbenettini4@sbwire.com', '22/09/2019', '5002350911665699', 3, '28/04/2017', '27/08/2023', 3);
insert into Customer (account_number, first_name, last_name, address, city, state, zip_code, telephone, email, create_cust_date, credit_card, plan_number, start_date, end_date, customer_rating) values (6, 'Talyah', 'McCambrois', '0708 Arrowood Terrace', 'Salt Lake City', 'Utah', '84105', '801-646-2782', 'tmccambrois5@spiegel.de', '13/03/2021', '5010123085557988', 3, '23/05/2022', '23/11/2022', 5);
insert into Customer (account_number, first_name, last_name, address, city, state, zip_code, telephone, email, create_cust_date, credit_card, plan_number, start_date, end_date, customer_rating) values (7, 'Susi', 'Dougliss', '1 Lakeland Court', 'Albuquerque', 'New Mexico', '87110', '505-501-8700', 'sdougliss6@behance.net', '25/02/2022', '5002352960352765', 3, '09/01/2022', '06/07/2023', 5);
insert into Customer (account_number, first_name, last_name, address, city, state, zip_code, telephone, email, create_cust_date, credit_card, plan_number, start_date, end_date, customer_rating) values (8, 'Perl', 'Simenon', '61 Nobel Alley', 'El Paso', 'Texas', '79945', '915-295-4461', 'psimenon7@marriott.com', '06/02/2018', '5007667787173911', 2, '27/07/2018', '06/12/2023', 5);
insert into Customer (account_number, first_name, last_name, address, city, state, zip_code, telephone, email, create_cust_date, credit_card, plan_number, start_date, end_date, customer_rating) values (9, 'Amaleta', 'Lucia', '6 Buell Court', 'Trenton', 'New Jersey', '08603', '609-176-8430', 'alucia8@netlog.com', '22/10/2021', '5007663273107190', 1, '20/08/2017', '24/06/2023', 2);
insert into Customer (account_number, first_name, last_name, address, city, state, zip_code, telephone, email, create_cust_date, credit_card, plan_number, start_date, end_date, customer_rating) values (10, 'Benjamin', 'Breinl', '8 Burrows Park', 'San Antonio', 'Texas', '78265', '210-225-1616', 'bbreinl9@usnews.com', '25/01/2020', '5010124244764226', 2, '01/09/2018', '12/01/2023', 4);
insert into Customer (account_number, first_name, last_name, address, city, state, zip_code, telephone, email, create_cust_date, credit_card, plan_number, start_date, end_date, customer_rating) values (11, 'Ashlin', 'Olenov', '356 Lien Circle', 'Daytona Beach', 'Florida', '32123', '386-657-5402', 'aolenova@chron.com', '14/01/2019', '5010121086507929', 3, '18/03/2019', '21/02/2023', 3);
insert into Customer (account_number, first_name, last_name, address, city, state, zip_code, telephone, email, create_cust_date, credit_card, plan_number, start_date, end_date, customer_rating) values (12, 'Fairlie', 'Ashby', '199 Welch Trail', 'Yonkers', 'New York', '10705', '914-540-1333', 'fashbyb@istockphoto.com', '28/03/2020', '5010121262049407', 3, '01/07/2017', '11/12/2023', 2);
insert into Customer (account_number, first_name, last_name, address, city, state, zip_code, telephone, email, create_cust_date, credit_card, plan_number, start_date, end_date, customer_rating) values (13, 'Edgar', 'Popplestone', '15552 Crest Line Parkway', 'Topeka', 'Kansas', '66667', '785-241-6748', 'epopplestonec@amazon.com', '20/09/2021', '5010121617228359', 3, '20/12/2016', '16/09/2023', 5);
insert into Customer (account_number, first_name, last_name, address, city, state, zip_code, telephone, email, create_cust_date, credit_card, plan_number, start_date, end_date, customer_rating) values (14, 'Kathryne', 'Lunk', '7 Nelson Terrace', 'Pueblo', 'Colorado', '81005', '719-260-9442', 'klunkd@reuters.com', '23/06/2019', '5010128834131266', 2, '23/11/2020', '02/10/2023', 4);
insert into Customer (account_number, first_name, last_name, address, city, state, zip_code, telephone, email, create_cust_date, credit_card, plan_number, start_date, end_date, customer_rating) values (15, 'Felipa', 'Strainge', '62 Hauk Junction', 'Jackson', 'Mississippi', '39236', '601-702-3107', 'fstraingee@macromedia.com', '05/02/2018', '5002351125394639', 1, '27/10/2022', '19/10/2023', 3);
insert into Customer (account_number, first_name, last_name, address, city, state, zip_code, telephone, email, create_cust_date, credit_card, plan_number, start_date, end_date, customer_rating) values (16, 'Patton', 'Bartholin', '02 2nd Place', 'New York City', 'New York', '10090', '212-709-7298', 'pbartholinf@fema.gov', '06/08/2017', '5007668704200860', 3, '19/11/2021', '11/10/2023', 1);
insert into Customer (account_number, first_name, last_name, address, city, state, zip_code, telephone, email, create_cust_date, credit_card, plan_number, start_date, end_date, customer_rating) values (17, 'Cindee', 'Mattke', '824 Crowley Drive', 'Los Angeles', 'California', '90045', '310-341-9003', 'cmattkeg@dailymotion.com', '03/08/2017', '372301418597177', 4, '14/12/2017', '15/01/2024', 5);
insert into Customer (account_number, first_name, last_name, address, city, state, zip_code, telephone, email, create_cust_date, credit_card, plan_number, start_date, end_date, customer_rating) values (18, 'Arlyne', 'Dagg', '5406 Dawn Court', 'Oxnard', 'California', '93034', '805-118-6970', 'adaggh@businessweek.com', '30/06/2022', '5007663340499158', 4, '09/07/2018', '14/11/2023', 1);
insert into Customer (account_number, first_name, last_name, address, city, state, zip_code, telephone, email, create_cust_date, credit_card, plan_number, start_date, end_date, customer_rating) values (19, 'Alvera', 'Swainston', '8 Gerald Drive', 'Anaheim', 'California', '92825', '714-588-5752', 'aswainstoni@cocolog-nifty.com', '16/02/2020', '5002355769860086', 4, '16/03/2019', '31/05/2023', 3);
insert into Customer (account_number, first_name, last_name, address, city, state, zip_code, telephone, email, create_cust_date, credit_card, plan_number, start_date, end_date, customer_rating) values (20, 'Cheston', 'Coogan', '00765 Lindbergh Park', 'Los Angeles', 'California', '90087', '213-138-2506', 'ccooganj@zimbio.com', '06/10/2019', '5007669261590990', 2, '31/12/2019', '09/02/2023', 2);
insert into Customer (account_number, first_name, last_name, address, city, state, zip_code, telephone, email, create_cust_date, credit_card, plan_number, start_date, end_date, customer_rating) values (21, 'Isabelle', 'Titchener', '1 Banding Crossing', 'Garland', 'Texas', '75044', '214-775-2886', 'ititchenerk@accuweather.com', '02/03/2017', '5010129133339758', 1, '05/03/2018', '25/06/2023', 5);
insert into Customer (account_number, first_name, last_name, address, city, state, zip_code, telephone, email, create_cust_date, credit_card, plan_number, start_date, end_date, customer_rating) values (22, 'Estevan', 'Kilbourne', '78 Union Point', 'Hampton', 'Virginia', '23668', '757-358-2957', 'ekilbournel@usa.gov', '08/04/2019', '5010122654633782', 1, '31/08/2021', '17/01/2024', 1);
insert into Customer (account_number, first_name, last_name, address, city, state, zip_code, telephone, email, create_cust_date, credit_card, plan_number, start_date, end_date, customer_rating) values (23, 'Marne', 'Strethill', '1523 Londonderry Road', 'Minneapolis', 'Minnesota', '55436', '612-321-9737', 'mstrethillm@gravatar.com', '07/10/2017', '5002351550286946', 1, '28/10/2018', '18/02/2023', 1);
insert into Customer (account_number, first_name, last_name, address, city, state, zip_code, telephone, email, create_cust_date, credit_card, plan_number, start_date, end_date, customer_rating) values (24, 'Valentino', 'Cyson', '06439 Dawn Way', 'Utica', 'New York', '13505', '315-485-1669', 'vcysonn@washington.edu', '21/11/2020', '5002358550063530', 4, '10/02/2018', '06/08/2023', 3);
insert into Customer (account_number, first_name, last_name, address, city, state, zip_code, telephone, email, create_cust_date, credit_card, plan_number, start_date, end_date, customer_rating) values (25, 'Kirsteni', 'Lichfield', '4 Magdeline Alley', 'Orlando', 'Florida', '32803', '321-329-9520', 'klichfieldo@vistaprint.com', '24/02/2019', '5010126771429172', 3, '10/11/2021', '02/05/2023', 1);
insert into Customer (account_number, first_name, last_name, address, city, state, zip_code, telephone, email, create_cust_date, credit_card, plan_number, start_date, end_date, customer_rating) values (26, 'Udell', 'Goldsberry', '88456 Golf Terrace', 'Santa Ana', 'California', '92705', '213-627-7160', 'ugoldsberryp@msn.com', '08/06/2017', '5007667189131400', 1, '24/01/2017', '10/12/2022', 1);
insert into Customer (account_number, first_name, last_name, address, city, state, zip_code, telephone, email, create_cust_date, credit_card, plan_number, start_date, end_date, customer_rating) values (27, 'Winthrop', 'Govier', '452 Atwood Lane', 'Fairfax', 'Virginia', '22036', '571-514-0494', 'wgovierq@spotify.com', '22/12/2021', '5002352491118529', 2, '23/02/2021', '22/11/2022', 4);
insert into Customer (account_number, first_name, last_name, address, city, state, zip_code, telephone, email, create_cust_date, credit_card, plan_number, start_date, end_date, customer_rating) values (28, 'Aluin', 'O''Kennedy', '170 Jenna Road', 'Dallas', 'Texas', '75241', '214-679-7082', 'aokennedyr@fastcompany.com', '04/12/2020', '372301873081337', 2, '01/04/2019', '10/12/2022', 4);
insert into Customer (account_number, first_name, last_name, address, city, state, zip_code, telephone, email, create_cust_date, credit_card, plan_number, start_date, end_date, customer_rating) values (29, 'Sergio', 'Chung', '955 Northwestern Alley', 'Memphis', 'Tennessee', '38126', '901-202-1891', 'schungs@marriott.com', '20/02/2018', '5007663084590493', 4, '13/09/2022', '25/10/2023', 5);
insert into Customer (account_number, first_name, last_name, address, city, state, zip_code, telephone, email, create_cust_date, credit_card, plan_number, start_date, end_date, customer_rating) values (30, 'Jacob', 'Fulger', '5 Daystar Trail', 'Cincinnati', 'Ohio', '45296', '513-522-3812', 'jfulgert@google.cn', '17/05/2017', '5002354924380692', 2, '17/08/2021', '15/01/2024', 1);
insert into Customer (account_number, first_name, last_name, address, city, state, zip_code, telephone, email, create_cust_date, credit_card, plan_number, start_date, end_date, customer_rating) values (31, 'Lynelle', 'Karle', '67 Old Shore Lane', 'Anchorage', 'Alaska', '99512', '907-890-5131', 'lkarleu@mysql.com', '02/12/2020', '5010128453484483', 4, '15/06/2022', '06/07/2023', 5);
insert into Customer (account_number, first_name, last_name, address, city, state, zip_code, telephone, email, create_cust_date, credit_card, plan_number, start_date, end_date, customer_rating) values (32, 'Truda', 'Aspole', '9 Jenna Trail', 'Washington', 'District of Columbia', '20231', '202-118-9364', 'taspolev@adobe.com', '13/11/2019', '5010126829836204', 4, '06/04/2018', '28/05/2023', 5);
insert into Customer (account_number, first_name, last_name, address, city, state, zip_code, telephone, email, create_cust_date, credit_card, plan_number, start_date, end_date, customer_rating) values (33, 'Roxy', 'Lacknor', '978 Hovde Center', 'Dearborn', 'Michigan', '48126', '313-750-2207', 'rlacknorw@google.de', '11/01/2020', '372301373497512', 2, '25/06/2019', '30/09/2023', 3);
insert into Customer (account_number, first_name, last_name, address, city, state, zip_code, telephone, email, create_cust_date, credit_card, plan_number, start_date, end_date, customer_rating) values (34, 'Den', 'Sibley', '59 Hayes Lane', 'Panama City', 'Florida', '32412', '850-107-9686', 'dsibleyx@paypal.com', '13/01/2022', '5010123513862562', 3, '23/01/2018', '17/02/2024', 4);
insert into Customer (account_number, first_name, last_name, address, city, state, zip_code, telephone, email, create_cust_date, credit_card, plan_number, start_date, end_date, customer_rating) values (35, 'Kienan', 'Edridge', '599 Hayes Terrace', 'Birmingham', 'Alabama', '35220', '205-639-8031', 'kedridgey@comsenz.com', '15/03/2020', '372301434658888', 3, '11/11/2018', '02/12/2023', 2);
insert into Customer (account_number, first_name, last_name, address, city, state, zip_code, telephone, email, create_cust_date, credit_card, plan_number, start_date, end_date, customer_rating) values (36, 'Winnie', 'Brigdale', '3250 Norway Maple Place', 'Delray Beach', 'Florida', '33448', '561-493-9088', 'wbrigdalez@google.it', '20/08/2021', '5007664104742833', 3, '22/05/2017', '31/01/2024', 1);
insert into Customer (account_number, first_name, last_name, address, city, state, zip_code, telephone, email, create_cust_date, credit_card, plan_number, start_date, end_date, customer_rating) values (37, 'Zelda', 'O''Shevlin', '9117 Victoria Circle', 'Peoria', 'Illinois', '61629', '309-483-6232', 'zoshevlin10@discuz.net', '21/12/2016', '5007666510472806', 2, '15/12/2017', '16/12/2023', 4);
insert into Customer (account_number, first_name, last_name, address, city, state, zip_code, telephone, email, create_cust_date, credit_card, plan_number, start_date, end_date, customer_rating) values (38, 'Lotti', 'Dericot', '499 Warbler Plaza', 'Columbus', 'Georgia', '31914', '706-574-0841', 'ldericot11@cornell.edu', '31/12/2020', '5007664387829976', 4, '01/05/2021', '29/06/2023', 1);
insert into Customer (account_number, first_name, last_name, address, city, state, zip_code, telephone, email, create_cust_date, credit_card, plan_number, start_date, end_date, customer_rating) values (39, 'Efrem', 'Blackwood', '35258 Artisan Park', 'Milwaukee', 'Wisconsin', '53225', '414-287-9704', 'eblackwood12@cbsnews.com', '09/06/2017', '5002354447807080', 4, '24/09/2022', '10/01/2024', 1);
insert into Customer (account_number, first_name, last_name, address, city, state, zip_code, telephone, email, create_cust_date, credit_card, plan_number, start_date, end_date, customer_rating) values (40, 'Orbadiah', 'Nore', '60 Harper Park', 'Lancaster', 'Pennsylvania', '17605', '717-120-6004', 'onore13@sina.com.cn', '10/07/2022', '5002352765597580', 4, '13/05/2017', '21/02/2024', 3);
insert into Customer (account_number, first_name, last_name, address, city, state, zip_code, telephone, email, create_cust_date, credit_card, plan_number, start_date, end_date, customer_rating) values (41, 'Nadine', 'Siviour', '7 Moose Center', 'Sioux Falls', 'South Dakota', '57188', '605-523-7884', 'nsiviour14@chronoengine.com', '28/03/2018', '5002355137368564', 3, '25/02/2021', '25/01/2024', 1);
insert into Customer (account_number, first_name, last_name, address, city, state, zip_code, telephone, email, create_cust_date, credit_card, plan_number, start_date, end_date, customer_rating) values (42, 'Tad', 'Satterlee', '75 Mcguire Alley', 'Sioux City', 'Iowa', '51105', '712-186-0679', 'tsatterlee15@cam.ac.uk', '15/05/2017', '5010127938075585', 4, '19/03/2019', '07/11/2023', 5);
insert into Customer (account_number, first_name, last_name, address, city, state, zip_code, telephone, email, create_cust_date, credit_card, plan_number, start_date, end_date, customer_rating) values (43, 'Jocelyne', 'Ince', '979 Washington Circle', 'Shreveport', 'Louisiana', '71161', '318-993-4870', 'jince16@ox.ac.uk', '15/09/2020', '5007660916362125', 3, '07/10/2017', '03/11/2023', 2);
insert into Customer (account_number, first_name, last_name, address, city, state, zip_code, telephone, email, create_cust_date, credit_card, plan_number, start_date, end_date, customer_rating) values (44, 'Ced', 'Bothbie', '94367 Moose Park', 'Ridgely', 'Maryland', '21684', '410-444-3025', 'cbothbie17@altervista.org', '21/03/2020', '5007667932134636', 1, '30/07/2020', '03/11/2022', 3);
insert into Customer (account_number, first_name, last_name, address, city, state, zip_code, telephone, email, create_cust_date, credit_card, plan_number, start_date, end_date, customer_rating) values (45, 'Thadeus', 'Switzer', '5 Pepper Wood Road', 'Falls Church', 'Virginia', '22047', '571-794-1202', 'tswitzer18@china.com.cn', '21/06/2020', '5002356529041116', 1, '15/06/2022', '16/12/2023', 5);
insert into Customer (account_number, first_name, last_name, address, city, state, zip_code, telephone, email, create_cust_date, credit_card, plan_number, start_date, end_date, customer_rating) values (46, 'Anni', 'Obin', '6644 Pleasure Park', 'Huntington', 'West Virginia', '25770', '304-105-9791', 'aobin19@tripadvisor.com', '03/08/2022', '5002354277347157', 2, '24/11/2017', '26/01/2024', 1);
insert into Customer (account_number, first_name, last_name, address, city, state, zip_code, telephone, email, create_cust_date, credit_card, plan_number, start_date, end_date, customer_rating) values (47, 'Adriano', 'Bennington', '09 Glacier Hill Road', 'Tacoma', 'Washington', '98405', '253-821-6084', 'abennington1a@businesswire.com', '07/04/2021', '5010127356875672', 1, '21/09/2018', '13/03/2023', 1);
insert into Customer (account_number, first_name, last_name, address, city, state, zip_code, telephone, email, create_cust_date, credit_card, plan_number, start_date, end_date, customer_rating) values (48, 'Ekaterina', 'Armall', '9 Columbus Terrace', 'Anchorage', 'Alaska', '99517', '907-479-0647', 'earmall1b@squarespace.com', '06/09/2022', '5002357415612820', 3, '13/03/2019', '15/09/2023', 1);
insert into Customer (account_number, first_name, last_name, address, city, state, zip_code, telephone, email, create_cust_date, credit_card, plan_number, start_date, end_date, customer_rating) values (49, 'Barbra', 'Sikorsky', '24309 Veith Court', 'Albany', 'New York', '12210', '518-253-0835', 'bsikorsky1c@vinaora.com', '10/11/2020', '5010125901140188', 3, '03/04/2022', '14/08/2023', 1);
insert into Customer (account_number, first_name, last_name, address, city, state, zip_code, telephone, email, create_cust_date, credit_card, plan_number, start_date, end_date, customer_rating) values (50, 'Bear', 'McAlarney', '405 Fair Oaks Alley', 'Detroit', 'Michigan', '48224', '313-583-7443', 'bmcalarney1d@telegraph.co.uk', '26/01/2020', '5002354293212294', 3, '15/04/2018', '24/10/2023', 1);
insert into Customer (account_number, first_name, last_name, address, city, state, zip_code, telephone, email, create_cust_date, credit_card, plan_number, start_date, end_date, customer_rating) values (51, 'Jorey', 'Parlot', '42 Melvin Plaza', 'Waltham', 'Massachusetts', '02453', '781-562-6736', 'jparlot1e@booking.com', '22/05/2021', '372301163199674', 4, '06/04/2019', '06/07/2023', 1);
insert into Customer (account_number, first_name, last_name, address, city, state, zip_code, telephone, email, create_cust_date, credit_card, plan_number, start_date, end_date, customer_rating) values (52, 'Sergio', 'Paddeley', '6 Northridge Drive', 'Akron', 'Ohio', '44393', '234-712-3185', 'spaddeley1f@wired.com', '21/09/2021', '5002354221738162', 1, '02/09/2021', '09/02/2024', 2);
insert into Customer (account_number, first_name, last_name, address, city, state, zip_code, telephone, email, create_cust_date, credit_card, plan_number, start_date, end_date, customer_rating) values (53, 'Marcelline', 'Bristow', '957 Artisan Court', 'Milwaukee', 'Wisconsin', '53220', '414-530-3512', 'mbristow1g@nymag.com', '23/05/2017', '372301951442880', 1, '14/10/2017', '21/01/2023', 4);
insert into Customer (account_number, first_name, last_name, address, city, state, zip_code, telephone, email, create_cust_date, credit_card, plan_number, start_date, end_date, customer_rating) values (54, 'Malia', 'Waszczykowski', '0 Bayside Lane', 'Duluth', 'Georgia', '30096', '770-143-5245', 'mwaszczykowski1h@boston.com', '24/10/2019', '372301573490721', 1, '29/07/2017', '27/02/2023', 5);
insert into Customer (account_number, first_name, last_name, address, city, state, zip_code, telephone, email, create_cust_date, credit_card, plan_number, start_date, end_date, customer_rating) values (55, 'Dosi', 'Stockey', '6727 Beilfuss Junction', 'Terre Haute', 'Indiana', '47812', '812-638-8766', 'dstockey1i@yolasite.com', '03/09/2021', '372301707960219', 1, '15/12/2016', '29/05/2023', 3);
insert into Customer (account_number, first_name, last_name, address, city, state, zip_code, telephone, email, create_cust_date, credit_card, plan_number, start_date, end_date, customer_rating) values (56, 'Rudie', 'Schimke', '5303 Scoville Lane', 'Washington', 'District of Columbia', '20088', '202-566-1776', 'rschimke1j@slate.com', '19/08/2018', '5002352152041564', 4, '24/04/2017', '01/01/2023', 5);
insert into Customer (account_number, first_name, last_name, address, city, state, zip_code, telephone, email, create_cust_date, credit_card, plan_number, start_date, end_date, customer_rating) values (57, 'Vassily', 'Hornbuckle', '31021 Sundown Pass', 'Colorado Springs', 'Colorado', '80925', '719-264-6322', 'vhornbuckle1k@opera.com', '19/02/2019', '5007668867787745', 1, '18/05/2018', '04/03/2023', 1);
insert into Customer (account_number, first_name, last_name, address, city, state, zip_code, telephone, email, create_cust_date, credit_card, plan_number, start_date, end_date, customer_rating) values (58, 'Malina', 'Goman', '28735 6th Road', 'Fort Worth', 'Texas', '76134', '817-775-9661', 'mgoman1l@hc360.com', '03/11/2017', '5002359391922546', 4, '17/07/2020', '06/03/2023', 2);
insert into Customer (account_number, first_name, last_name, address, city, state, zip_code, telephone, email, create_cust_date, credit_card, plan_number, start_date, end_date, customer_rating) values (59, 'Weston', 'Leades', '5718 Canary Avenue', 'Orlando', 'Florida', '32830', '407-497-7653', 'wleades1m@51.la', '17/08/2017', '372301449717059', 2, '07/03/2022', '17/12/2023', 1);
insert into Customer (account_number, first_name, last_name, address, city, state, zip_code, telephone, email, create_cust_date, credit_card, plan_number, start_date, end_date, customer_rating) values (60, 'Humberto', 'Coorington', '26955 John Wall Alley', 'Albany', 'New York', '12205', '518-572-1650', 'hcoorington1n@hud.gov', '01/06/2021', '5002351899923696', 1, '29/06/2020', '11/02/2024', 1);
insert into Customer (account_number, first_name, last_name, address, city, state, zip_code, telephone, email, create_cust_date, credit_card, plan_number, start_date, end_date, customer_rating) values (61, 'Raviv', 'Martinec', '87 Huxley Pass', 'Pittsburgh', 'Pennsylvania', '15274', '412-595-0151', 'rmartinec1o@etsy.com', '25/11/2021', '5002358237178578', 2, '05/06/2017', '25/04/2023', 3);
insert into Customer (account_number, first_name, last_name, address, city, state, zip_code, telephone, email, create_cust_date, credit_card, plan_number, start_date, end_date, customer_rating) values (62, 'Anthia', 'Senn', '2247 Hanover Park', 'Carson City', 'Nevada', '89706', '775-266-5718', 'asenn1p@lulu.com', '18/05/2018', '5010124501306497', 1, '10/06/2022', '29/12/2023', 5);
insert into Customer (account_number, first_name, last_name, address, city, state, zip_code, telephone, email, create_cust_date, credit_card, plan_number, start_date, end_date, customer_rating) values (63, 'Regine', 'Caulwell', '5910 Marcy Avenue', 'San Jose', 'California', '95173', '408-530-4992', 'rcaulwell1q@prweb.com', '03/02/2021', '372301322572423', 3, '28/09/2019', '30/03/2023', 2);
insert into Customer (account_number, first_name, last_name, address, city, state, zip_code, telephone, email, create_cust_date, credit_card, plan_number, start_date, end_date, customer_rating) values (64, 'Constancia', 'Tewelson', '319 Grim Center', 'Cincinnati', 'Ohio', '45249', '513-911-7110', 'ctewelson1r@furl.net', '11/10/2021', '5010121243022002', 2, '06/08/2017', '05/10/2023', 5);
insert into Customer (account_number, first_name, last_name, address, city, state, zip_code, telephone, email, create_cust_date, credit_card, plan_number, start_date, end_date, customer_rating) values (65, 'Kamillah', 'Grolmann', '4 Magdeline Street', 'Minneapolis', 'Minnesota', '55441', '763-635-5335', 'kgrolmann1s@thetimes.co.uk', '03/01/2020', '5007662284744637', 3, '12/03/2020', '20/12/2022', 1);
insert into Customer (account_number, first_name, last_name, address, city, state, zip_code, telephone, email, create_cust_date, credit_card, plan_number, start_date, end_date, customer_rating) values (66, 'Marven', 'Attrill', '96704 Clarendon Way', 'Phoenix', 'Arizona', '85020', '623-395-0526', 'mattrill1t@hibu.com', '30/03/2021', '5002353062308713', 2, '13/04/2019', '29/12/2023', 1);
insert into Customer (account_number, first_name, last_name, address, city, state, zip_code, telephone, email, create_cust_date, credit_card, plan_number, start_date, end_date, customer_rating) values (67, 'Raven', 'Cantle', '7 Ruskin Street', 'Cedar Rapids', 'Iowa', '52405', '319-682-5939', 'rcantle1u@geocities.com', '29/05/2022', '5007662010949435', 1, '26/05/2021', '16/01/2023', 4);
insert into Customer (account_number, first_name, last_name, address, city, state, zip_code, telephone, email, create_cust_date, credit_card, plan_number, start_date, end_date, customer_rating) values (68, 'Monro', 'Durden', '5 Dennis Junction', 'Indianapolis', 'Indiana', '46295', '317-659-5764', 'mdurden1v@scribd.com', '10/11/2017', '5010128774233064', 1, '21/05/2022', '15/01/2024', 1);
insert into Customer (account_number, first_name, last_name, address, city, state, zip_code, telephone, email, create_cust_date, credit_card, plan_number, start_date, end_date, customer_rating) values (69, 'Shirlene', 'Reven', '8 Kipling Drive', 'Jersey City', 'New Jersey', '07310', '551-917-7478', 'sreven1w@constantcontact.com', '31/01/2020', '5007661508617223', 2, '28/01/2018', '17/01/2023', 2);
insert into Customer (account_number, first_name, last_name, address, city, state, zip_code, telephone, email, create_cust_date, credit_card, plan_number, start_date, end_date, customer_rating) values (70, 'Quent', 'Kennagh', '20 Hoard Court', 'Salt Lake City', 'Utah', '84152', '801-222-2045', 'qkennagh1x@myspace.com', '28/09/2021', '5010127558211379', 3, '18/12/2016', '16/05/2023', 2);
insert into Customer (account_number, first_name, last_name, address, city, state, zip_code, telephone, email, create_cust_date, credit_card, plan_number, start_date, end_date, customer_rating) values (71, 'Torrence', 'Dabbes', '59 Sachtjen Hill', 'Glendale', 'California', '91210', '818-548-4309', 'tdabbes1y@paypal.com', '04/06/2022', '372301737646010', 2, '25/01/2017', '21/04/2023', 5);
insert into Customer (account_number, first_name, last_name, address, city, state, zip_code, telephone, email, create_cust_date, credit_card, plan_number, start_date, end_date, customer_rating) values (72, 'Brita', 'Massenhove', '5 Evergreen Parkway', 'Brooklyn', 'New York', '11225', '718-969-6941', 'bmassenhove1z@prweb.com', '20/12/2016', '372301562519472', 4, '23/10/2020', '18/01/2023', 4);
insert into Customer (account_number, first_name, last_name, address, city, state, zip_code, telephone, email, create_cust_date, credit_card, plan_number, start_date, end_date, customer_rating) values (73, 'Christal', 'Ferreras', '1 Muir Road', 'Shawnee Mission', 'Kansas', '66286', '913-662-6408', 'cferreras20@weibo.com', '31/10/2018', '372301694354335', 2, '21/12/2018', '27/12/2022', 1);
insert into Customer (account_number, first_name, last_name, address, city, state, zip_code, telephone, email, create_cust_date, credit_card, plan_number, start_date, end_date, customer_rating) values (74, 'Lemar', 'Karczinski', '8 Park Meadow Hill', 'Charlotte', 'North Carolina', '28263', '704-477-6424', 'lkarczinski21@psu.edu', '27/07/2022', '5007668418973604', 3, '30/07/2022', '23/11/2022', 1);
insert into Customer (account_number, first_name, last_name, address, city, state, zip_code, telephone, email, create_cust_date, credit_card, plan_number, start_date, end_date, customer_rating) values (75, 'Dolley', 'Rudolfer', '94315 Warner Crossing', 'Tampa', 'Florida', '33620', '813-160-0384', 'drudolfer22@home.pl', '16/11/2018', '5002350090532959', 2, '01/07/2018', '17/01/2024', 2);
insert into Customer (account_number, first_name, last_name, address, city, state, zip_code, telephone, email, create_cust_date, credit_card, plan_number, start_date, end_date, customer_rating) values (76, 'Brittney', 'Laurencot', '3806 Fairview Plaza', 'Buffalo', 'New York', '14276', '716-838-4948', 'blaurencot23@independent.co.uk', '20/05/2021', '5007669695987226', 4, '17/10/2021', '18/11/2023', 5);
insert into Customer (account_number, first_name, last_name, address, city, state, zip_code, telephone, email, create_cust_date, credit_card, plan_number, start_date, end_date, customer_rating) values (77, 'Eal', 'Goreway', '90503 Hollow Ridge Circle', 'Jackson', 'Mississippi', '39296', '601-359-2510', 'egoreway24@chronoengine.com', '17/09/2021', '5002354748356951', 3, '24/08/2018', '24/02/2023', 4);
insert into Customer (account_number, first_name, last_name, address, city, state, zip_code, telephone, email, create_cust_date, credit_card, plan_number, start_date, end_date, customer_rating) values (78, 'Liz', 'Kiff', '00389 American Park', 'Tucson', 'Arizona', '85725', '520-582-4288', 'lkiff25@howstuffworks.com', '18/10/2018', '5002352818508709', 4, '25/10/2020', '21/11/2022', 2);
insert into Customer (account_number, first_name, last_name, address, city, state, zip_code, telephone, email, create_cust_date, credit_card, plan_number, start_date, end_date, customer_rating) values (79, 'Upton', 'Creggan', '14 Maryland Pass', 'Saint Paul', 'Minnesota', '55188', '651-632-4687', 'ucreggan26@creativecommons.org', '24/07/2017', '5002356689423567', 2, '05/05/2022', '22/06/2023', 2);
insert into Customer (account_number, first_name, last_name, address, city, state, zip_code, telephone, email, create_cust_date, credit_card, plan_number, start_date, end_date, customer_rating) values (80, 'Carr', 'Shiels', '79 Northport Avenue', 'Jamaica', 'New York', '11407', '516-846-6217', 'cshiels27@bbb.org', '23/05/2020', '5010123075412574', 3, '08/07/2021', '24/12/2022', 1);
insert into Customer (account_number, first_name, last_name, address, city, state, zip_code, telephone, email, create_cust_date, credit_card, plan_number, start_date, end_date, customer_rating) values (81, 'Spenser', 'Livezley', '626 Pepper Wood Point', 'Madison', 'Wisconsin', '53785', '608-984-8780', 'slivezley28@hugedomains.com', '10/02/2019', '372301187093952', 1, '10/04/2017', '22/09/2023', 3);
insert into Customer (account_number, first_name, last_name, address, city, state, zip_code, telephone, email, create_cust_date, credit_card, plan_number, start_date, end_date, customer_rating) values (82, 'Elsinore', 'Kelledy', '67662 Laurel Pass', 'Columbia', 'South Carolina', '29240', '803-206-0628', 'ekelledy29@slashdot.org', '28/03/2020', '372301968357857', 3, '16/11/2018', '12/01/2023', 5);
insert into Customer (account_number, first_name, last_name, address, city, state, zip_code, telephone, email, create_cust_date, credit_card, plan_number, start_date, end_date, customer_rating) values (83, 'Dagmar', 'Corry', '2312 Moose Place', 'Boca Raton', 'Florida', '33432', '954-309-8307', 'dcorry2a@yale.edu', '11/01/2020', '5007662830638085', 3, '10/12/2020', '14/01/2024', 1);
insert into Customer (account_number, first_name, last_name, address, city, state, zip_code, telephone, email, create_cust_date, credit_card, plan_number, start_date, end_date, customer_rating) values (84, 'Maurice', 'Riguard', '6513 Claremont Parkway', 'Amarillo', 'Texas', '79118', '806-996-8808', 'mriguard2b@washington.edu', '27/01/2020', '5002351329204873', 3, '26/08/2018', '01/11/2022', 2);
insert into Customer (account_number, first_name, last_name, address, city, state, zip_code, telephone, email, create_cust_date, credit_card, plan_number, start_date, end_date, customer_rating) values (85, 'Henriette', 'Trappe', '18743 Lakewood Point', 'Kansas City', 'Missouri', '64193', '816-852-0889', 'htrappe2c@meetup.com', '11/10/2022', '5002351527151256', 4, '17/06/2021', '08/08/2023', 3);
insert into Customer (account_number, first_name, last_name, address, city, state, zip_code, telephone, email, create_cust_date, credit_card, plan_number, start_date, end_date, customer_rating) values (86, 'Emmi', 'Rucklidge', '69 Beilfuss Lane', 'Saint Louis', 'Missouri', '63136', '314-273-3454', 'erucklidge2d@behance.net', '21/08/2018', '5002350753773866', 3, '28/07/2021', '14/12/2022', 4);
insert into Customer (account_number, first_name, last_name, address, city, state, zip_code, telephone, email, create_cust_date, credit_card, plan_number, start_date, end_date, customer_rating) values (87, 'Tamma', 'Paradis', '71 Kinsman Avenue', 'Arlington', 'Virginia', '22244', '571-785-5333', 'tparadis2e@paginegialle.it', '04/06/2018', '5002359079608532', 2, '05/11/2019', '23/10/2023', 1);
insert into Customer (account_number, first_name, last_name, address, city, state, zip_code, telephone, email, create_cust_date, credit_card, plan_number, start_date, end_date, customer_rating) values (88, 'Shel', 'Ling', '834 Stoughton Circle', 'Waterloo', 'Iowa', '50706', '319-804-2126', 'sling2f@addthis.com', '02/02/2022', '5010125001737404', 2, '22/02/2022', '29/11/2022', 1);
insert into Customer (account_number, first_name, last_name, address, city, state, zip_code, telephone, email, create_cust_date, credit_card, plan_number, start_date, end_date, customer_rating) values (89, 'Lina', 'Ruben', '044 Merrick Road', 'Alexandria', 'Virginia', '22333', '571-856-9138', 'lruben2g@amazon.co.jp', '04/01/2018', '5010120566797489', 4, '12/06/2018', '27/03/2023', 4);
insert into Customer (account_number, first_name, last_name, address, city, state, zip_code, telephone, email, create_cust_date, credit_card, plan_number, start_date, end_date, customer_rating) values (90, 'Wilt', 'Maggill''Andreis', '515 Delladonna Plaza', 'Jackson', 'Tennessee', '38308', '731-272-3099', 'wmaggillandreis2h@com.com', '13/05/2019', '5010126166576041', 3, '08/09/2021', '21/11/2022', 2);
insert into Customer (account_number, first_name, last_name, address, city, state, zip_code, telephone, email, create_cust_date, credit_card, plan_number, start_date, end_date, customer_rating) values (91, 'Gerrie', 'Buckett', '66412 Esch Junction', 'Sioux Falls', 'South Dakota', '57110', '605-552-0947', 'gbuckett2i@360.cn', '25/01/2019', '5010123466172126', 2, '28/02/2021', '16/10/2023', 3);
insert into Customer (account_number, first_name, last_name, address, city, state, zip_code, telephone, email, create_cust_date, credit_card, plan_number, start_date, end_date, customer_rating) values (92, 'Verna', 'Flecknoe', '7532 Bayside Trail', 'Evansville', 'Indiana', '47725', '812-961-3995', 'vflecknoe2j@wisc.edu', '29/04/2018', '372301615811371', 4, '05/11/2020', '17/12/2022', 4);
insert into Customer (account_number, first_name, last_name, address, city, state, zip_code, telephone, email, create_cust_date, credit_card, plan_number, start_date, end_date, customer_rating) values (93, 'Angelika', 'Saladino', '5623 Mockingbird Place', 'Saint Louis', 'Missouri', '63150', '314-443-8121', 'asaladino2k@ucla.edu', '09/06/2017', '372301086761642', 2, '27/08/2018', '20/06/2023', 2);
insert into Customer (account_number, first_name, last_name, address, city, state, zip_code, telephone, email, create_cust_date, credit_card, plan_number, start_date, end_date, customer_rating) values (94, 'Ichabod', 'Blasius', '041 Esker Circle', 'Topeka', 'Kansas', '66667', '785-944-2939', 'iblasius2l@goo.gl', '04/11/2021', '5010125771377951', 1, '26/07/2022', '19/11/2023', 1);
insert into Customer (account_number, first_name, last_name, address, city, state, zip_code, telephone, email, create_cust_date, credit_card, plan_number, start_date, end_date, customer_rating) values (95, 'Kordula', 'Fruish', '76 Mendota Junction', 'Lexington', 'Kentucky', '40596', '859-806-8168', 'kfruish2m@yellowbook.com', '09/08/2017', '372301576811964', 1, '24/06/2017', '02/11/2023', 1);
insert into Customer (account_number, first_name, last_name, address, city, state, zip_code, telephone, email, create_cust_date, credit_card, plan_number, start_date, end_date, customer_rating) values (96, 'Even', 'Clausner', '624 Aberg Terrace', 'Cleveland', 'Ohio', '44111', '216-735-4345', 'eclausner2n@mapquest.com', '01/07/2019', '5007662066768333', 4, '22/08/2017', '05/11/2022', 3);
insert into Customer (account_number, first_name, last_name, address, city, state, zip_code, telephone, email, create_cust_date, credit_card, plan_number, start_date, end_date, customer_rating) values (97, 'Auberon', 'Ellings', '12 Green Parkway', 'Mobile', 'Alabama', '36641', '251-612-4514', 'aellings2o@1688.com', '06/05/2019', '372301467469856', 2, '19/01/2017', '12/05/2023', 5);
insert into Customer (account_number, first_name, last_name, address, city, state, zip_code, telephone, email, create_cust_date, credit_card, plan_number, start_date, end_date, customer_rating) values (98, 'Katerina', 'McGrory', '542 School Terrace', 'El Paso', 'Texas', '79934', '915-490-6521', 'kmcgrory2p@biglobe.ne.jp', '28/10/2021', '5002351168011165', 3, '08/02/2021', '16/01/2023', 3);
insert into Customer (account_number, first_name, last_name, address, city, state, zip_code, telephone, email, create_cust_date, credit_card, plan_number, start_date, end_date, customer_rating) values (99, 'Brandon', 'Aronstam', '46 Golf Alley', 'Dallas', 'Texas', '75387', '214-688-1606', 'baronstam2q@theglobeandmail.com', '19/09/2020', '372301865655858', 2, '16/01/2018', '29/08/2023', 2);
insert into Customer (account_number, first_name, last_name, address, city, state, zip_code, telephone, email, create_cust_date, credit_card, plan_number, start_date, end_date, customer_rating) values (100, 'Imojean', 'Saunder', '681 Nevada Place', 'Miami', 'Florida', '33147', '305-404-2696', 'isaunder2r@tripadvisor.com', '27/07/2018', '5007668521418554', 4, '20/01/2020', '14/03/2023', 5);
insert into Customer (account_number, first_name, last_name, address, city, state, zip_code, telephone, email, create_cust_date, credit_card, plan_number, start_date, end_date, customer_rating) values (101, 'Letitia', 'O''Halleghane', '35 4th Plaza', 'Saint Paul', 'Minnesota', '55115', '651-350-4823', 'lohalleghane2s@msu.edu', '19/03/2022', '372301073499206', 1, '26/07/2017', '24/06/2023', 5);
insert into Customer (account_number, first_name, last_name, address, city, state, zip_code, telephone, email, create_cust_date, credit_card, plan_number, start_date, end_date, customer_rating) values (102, 'Elvin', 'Burnham', '65 Fremont Drive', 'South Bend', 'Indiana', '46614', '574-265-7043', 'eburnham2t@tripadvisor.com', '31/05/2020', '5010122148932220', 1, '03/10/2018', '14/02/2024', 2);
insert into Customer (account_number, first_name, last_name, address, city, state, zip_code, telephone, email, create_cust_date, credit_card, plan_number, start_date, end_date, customer_rating) values (103, 'Willy', 'Mattinson', '04 Sherman Point', 'Migrate', 'Kentucky', '41905', '502-505-9134', 'wmattinson2u@bluehost.com', '28/02/2018', '5002358956167117', 2, '31/12/2019', '08/12/2023', 2);
insert into Customer (account_number, first_name, last_name, address, city, state, zip_code, telephone, email, create_cust_date, credit_card, plan_number, start_date, end_date, customer_rating) values (104, 'Dario', 'Sheircliffe', '500 Nova Center', 'New York City', 'New York', '10060', '646-140-5701', 'dsheircliffe2v@cpanel.net', '20/11/2017', '5002352824318572', 2, '07/08/2021', '08/12/2023', 4);
insert into Customer (account_number, first_name, last_name, address, city, state, zip_code, telephone, email, create_cust_date, credit_card, plan_number, start_date, end_date, customer_rating) values (105, 'Durant', 'Spini', '01 Lien Court', 'Reading', 'Pennsylvania', '19605', '610-768-3271', 'dspini2w@earthlink.net', '30/08/2020', '5010123064403519', 1, '20/07/2020', '22/02/2023', 4);
insert into Customer (account_number, first_name, last_name, address, city, state, zip_code, telephone, email, create_cust_date, credit_card, plan_number, start_date, end_date, customer_rating) values (106, 'Geordie', 'Milbourn', '919 Grayhawk Pass', 'Pensacola', 'Florida', '32511', '850-744-5913', 'gmilbourn2x@privacy.gov.au', '18/05/2020', '5010127056405069', 4, '01/01/2018', '06/10/2023', 5);
insert into Customer (account_number, first_name, last_name, address, city, state, zip_code, telephone, email, create_cust_date, credit_card, plan_number, start_date, end_date, customer_rating) values (107, 'Gabi', 'De Luna', '815 Sachs Place', 'Akron', 'Ohio', '44321', '330-929-3037', 'gdeluna2y@sfgate.com', '12/03/2022', '5010121565359552', 3, '04/04/2018', '11/08/2023', 1);
insert into Customer (account_number, first_name, last_name, address, city, state, zip_code, telephone, email, create_cust_date, credit_card, plan_number, start_date, end_date, customer_rating) values (108, 'Fairfax', 'Scholard', '597 Waywood Court', 'Las Vegas', 'Nevada', '89160', '702-431-4809', 'fscholard2z@hostgator.com', '15/02/2022', '5007666965997463', 1, '06/01/2017', '13/01/2024', 2);
insert into Customer (account_number, first_name, last_name, address, city, state, zip_code, telephone, email, create_cust_date, credit_card, plan_number, start_date, end_date, customer_rating) values (109, 'Clifford', 'Paschke', '0012 Hallows Center', 'Richmond', 'Virginia', '23208', '804-136-8322', 'cpaschke30@newsvine.com', '11/12/2019', '5007669717248995', 3, '26/05/2017', '14/03/2023', 3);
insert into Customer (account_number, first_name, last_name, address, city, state, zip_code, telephone, email, create_cust_date, credit_card, plan_number, start_date, end_date, customer_rating) values (110, 'Andras', 'Lighton', '4 Valley Edge Center', 'Amarillo', 'Texas', '79188', '806-915-7089', 'alighton31@census.gov', '23/03/2018', '5007664488783692', 2, '12/08/2020', '03/05/2023', 2);
insert into Customer (account_number, first_name, last_name, address, city, state, zip_code, telephone, email, create_cust_date, credit_card, plan_number, start_date, end_date, customer_rating) values (111, 'Fara', 'O''Henery', '322 Hollow Ridge Park', 'Fresno', 'California', '93709', '559-288-8130', 'fohenery32@usa.gov', '06/04/2018', '5002353070848916', 2, '19/04/2017', '12/11/2023', 2);
insert into Customer (account_number, first_name, last_name, address, city, state, zip_code, telephone, email, create_cust_date, credit_card, plan_number, start_date, end_date, customer_rating) values (112, 'Ines', 'Buckland', '25520 Farwell Parkway', 'Huntsville', 'Texas', '77343', '936-678-6752', 'ibuckland33@com.com', '10/01/2018', '5002350672760002', 4, '01/03/2020', '17/02/2024', 5);
insert into Customer (account_number, first_name, last_name, address, city, state, zip_code, telephone, email, create_cust_date, credit_card, plan_number, start_date, end_date, customer_rating) values (113, 'Page', 'Noquet', '154 Cardinal Park', 'Anderson', 'South Carolina', '29625', '864-376-3184', 'pnoquet34@youku.com', '31/12/2020', '372301524063379', 4, '07/10/2018', '15/02/2024', 3);
insert into Customer (account_number, first_name, last_name, address, city, state, zip_code, telephone, email, create_cust_date, credit_card, plan_number, start_date, end_date, customer_rating) values (114, 'Tara', 'Colcutt', '9 Coolidge Point', 'Lafayette', 'Louisiana', '70505', '337-256-3149', 'tcolcutt35@cpanel.net', '25/12/2018', '5007662401248926', 1, '15/10/2021', '12/07/2023', 5);
insert into Customer (account_number, first_name, last_name, address, city, state, zip_code, telephone, email, create_cust_date, credit_card, plan_number, start_date, end_date, customer_rating) values (115, 'Giuseppe', 'Enston', '9239 Pierstorff Crossing', 'Dallas', 'Texas', '75353', '214-926-8693', 'genston36@newsvine.com', '03/03/2018', '5007665414816159', 4, '21/08/2020', '02/11/2022', 4);
insert into Customer (account_number, first_name, last_name, address, city, state, zip_code, telephone, email, create_cust_date, credit_card, plan_number, start_date, end_date, customer_rating) values (116, 'Casie', 'Fidler', '03 Maple Wood Hill', 'Portland', 'Oregon', '97216', '503-324-6133', 'cfidler37@salon.com', '24/08/2018', '5010124030602507', 3, '17/11/2019', '02/04/2023', 2);
insert into Customer (account_number, first_name, last_name, address, city, state, zip_code, telephone, email, create_cust_date, credit_card, plan_number, start_date, end_date, customer_rating) values (117, 'Corri', 'de Chastelain', '7 Westend Court', 'Atlanta', 'Georgia', '30336', '404-829-9157', 'cdechastelain38@cnbc.com', '23/05/2020', '5010123555045340', 4, '24/02/2019', '31/12/2023', 3);
insert into Customer (account_number, first_name, last_name, address, city, state, zip_code, telephone, email, create_cust_date, credit_card, plan_number, start_date, end_date, customer_rating) values (118, 'Kittie', 'MacGowan', '0536 Manufacturers Parkway', 'Racine', 'Wisconsin', '53405', '262-586-5321', 'kmacgowan39@buzzfeed.com', '14/06/2017', '5007662853718947', 3, '14/08/2022', '13/05/2023', 2);
insert into Customer (account_number, first_name, last_name, address, city, state, zip_code, telephone, email, create_cust_date, credit_card, plan_number, start_date, end_date, customer_rating) values (119, 'Abel', 'Eadmeads', '37 Commercial Terrace', 'Oklahoma City', 'Oklahoma', '73197', '405-955-3928', 'aeadmeads3a@example.com', '09/03/2018', '5007666038325536', 1, '08/02/2021', '24/12/2023', 3);
insert into Customer (account_number, first_name, last_name, address, city, state, zip_code, telephone, email, create_cust_date, credit_card, plan_number, start_date, end_date, customer_rating) values (120, 'Bidget', 'Abeau', '38 Claremont Hill', 'Wichita', 'Kansas', '67210', '316-454-9130', 'babeau3b@hc360.com', '11/09/2022', '5002357674603056', 2, '09/06/2018', '30/11/2023', 2);
insert into Customer (account_number, first_name, last_name, address, city, state, zip_code, telephone, email, create_cust_date, credit_card, plan_number, start_date, end_date, customer_rating) values (121, 'Mirabel', 'Farrall', '865 Knutson Center', 'Sioux Falls', 'South Dakota', '57105', '605-100-6661', 'mfarrall3c@gnu.org', '28/12/2016', '5002354400971659', 4, '31/01/2021', '08/06/2023', 1);
insert into Customer (account_number, first_name, last_name, address, city, state, zip_code, telephone, email, create_cust_date, credit_card, plan_number, start_date, end_date, customer_rating) values (122, 'Ailene', 'Fazackerley', '2323 Thackeray Trail', 'New York City', 'New York', '10270', '347-654-5568', 'afazackerley3d@sphinn.com', '14/08/2019', '5002353335480364', 2, '02/10/2019', '21/11/2022', 5);
insert into Customer (account_number, first_name, last_name, address, city, state, zip_code, telephone, email, create_cust_date, credit_card, plan_number, start_date, end_date, customer_rating) values (123, 'Aubert', 'Hayler', '66 Mallory Alley', 'Los Angeles', 'California', '90045', '310-165-9866', 'ahayler3e@bbb.org', '02/06/2020', '5007665581441146', 3, '13/07/2021', '20/11/2022', 3);
insert into Customer (account_number, first_name, last_name, address, city, state, zip_code, telephone, email, create_cust_date, credit_card, plan_number, start_date, end_date, customer_rating) values (124, 'Walker', 'Ambrodi', '437 Cambridge Crossing', 'Atlanta', 'Georgia', '30386', '404-376-5510', 'wambrodi3f@booking.com', '30/07/2017', '5002355715394131', 3, '25/11/2020', '01/01/2023', 3);
insert into Customer (account_number, first_name, last_name, address, city, state, zip_code, telephone, email, create_cust_date, credit_card, plan_number, start_date, end_date, customer_rating) values (125, 'Hermine', 'Dicte', '93853 Little Fleur Place', 'Dallas', 'Texas', '75251', '214-368-7704', 'hdicte3g@mashable.com', '15/10/2018', '5002351552212395', 2, '29/06/2018', '11/12/2022', 2);
insert into Customer (account_number, first_name, last_name, address, city, state, zip_code, telephone, email, create_cust_date, credit_card, plan_number, start_date, end_date, customer_rating) values (126, 'Angel', 'Gant', '96302 Monterey Lane', 'Bronx', 'New York', '10454', '718-944-7172', 'agant3h@nps.gov', '01/03/2017', '5007662342126918', 4, '04/03/2020', '26/09/2023', 1);
insert into Customer (account_number, first_name, last_name, address, city, state, zip_code, telephone, email, create_cust_date, credit_card, plan_number, start_date, end_date, customer_rating) values (127, 'Harp', 'Brameld', '3760 Maple Wood Lane', 'Norwalk', 'Connecticut', '06854', '203-762-1597', 'hbrameld3i@scientificamerican.com', '05/11/2018', '5002358152857305', 3, '18/03/2018', '27/11/2023', 5);
insert into Customer (account_number, first_name, last_name, address, city, state, zip_code, telephone, email, create_cust_date, credit_card, plan_number, start_date, end_date, customer_rating) values (128, 'Jaquenetta', 'Pluthero', '3844 Laurel Center', 'Knoxville', 'Tennessee', '37931', '865-905-2783', 'jpluthero3j@wikispaces.com', '05/02/2018', '5002353478524671', 1, '27/09/2020', '26/11/2023', 1);
insert into Customer (account_number, first_name, last_name, address, city, state, zip_code, telephone, email, create_cust_date, credit_card, plan_number, start_date, end_date, customer_rating) values (129, 'Jade', 'Kleisle', '0508 Bayside Crossing', 'Tampa', 'Florida', '33615', '813-155-4321', 'jkleisle3k@yahoo.co.jp', '05/05/2017', '5010125959441058', 1, '31/07/2017', '04/05/2023', 2);
insert into Customer (account_number, first_name, last_name, address, city, state, zip_code, telephone, email, create_cust_date, credit_card, plan_number, start_date, end_date, customer_rating) values (130, 'Dedie', 'Buntain', '6 Vernon Terrace', 'San Angelo', 'Texas', '76905', '325-192-0157', 'dbuntain3l@whitehouse.gov', '12/06/2022', '5010127700987488', 4, '29/07/2021', '13/11/2023', 2);
insert into Customer (account_number, first_name, last_name, address, city, state, zip_code, telephone, email, create_cust_date, credit_card, plan_number, start_date, end_date, customer_rating) values (131, 'Alvina', 'Vidgen', '88628 Kim Place', 'El Paso', 'Texas', '79916', '915-253-7469', 'avidgen3m@mozilla.org', '31/10/2022', '5010127099192732', 4, '11/07/2017', '21/05/2023', 5);
insert into Customer (account_number, first_name, last_name, address, city, state, zip_code, telephone, email, create_cust_date, credit_card, plan_number, start_date, end_date, customer_rating) values (132, 'Silvester', 'Geering', '9029 Mayfield Alley', 'Anchorage', 'Alaska', '99599', '907-352-8334', 'sgeering3n@nps.gov', '14/02/2018', '5007663477371956', 2, '02/11/2018', '30/09/2023', 5);
insert into Customer (account_number, first_name, last_name, address, city, state, zip_code, telephone, email, create_cust_date, credit_card, plan_number, start_date, end_date, customer_rating) values (133, 'Alexander', 'Carty', '93 Sommers Junction', 'Sacramento', 'California', '95838', '916-582-7787', 'acarty3o@slashdot.org', '30/01/2019', '5007664141931605', 1, '27/04/2017', '23/12/2022', 1);
insert into Customer (account_number, first_name, last_name, address, city, state, zip_code, telephone, email, create_cust_date, credit_card, plan_number, start_date, end_date, customer_rating) values (134, 'Penn', 'Stopforth', '72 Forest Dale Road', 'Tulsa', 'Oklahoma', '74108', '918-586-8877', 'pstopforth3p@sphinn.com', '16/04/2018', '372301738102187', 1, '24/02/2019', '29/04/2023', 1);
insert into Customer (account_number, first_name, last_name, address, city, state, zip_code, telephone, email, create_cust_date, credit_card, plan_number, start_date, end_date, customer_rating) values (135, 'Darrel', 'Sandwick', '656 Oriole Crossing', 'Memphis', 'Tennessee', '38188', '901-776-0182', 'dsandwick3q@qq.com', '06/12/2018', '5010120865570132', 3, '28/11/2018', '23/03/2023', 5);
insert into Customer (account_number, first_name, last_name, address, city, state, zip_code, telephone, email, create_cust_date, credit_card, plan_number, start_date, end_date, customer_rating) values (136, 'Mame', 'Clowser', '43 Roth Parkway', 'Wilmington', 'Delaware', '19886', '302-760-6351', 'mclowser3r@goo.gl', '21/10/2019', '5002350320569086', 3, '25/03/2021', '07/01/2023', 2);
insert into Customer (account_number, first_name, last_name, address, city, state, zip_code, telephone, email, create_cust_date, credit_card, plan_number, start_date, end_date, customer_rating) values (137, 'Meade', 'Lupson', '282 Dryden Park', 'Washington', 'District of Columbia', '20508', '202-438-9705', 'mlupson3s@zimbio.com', '19/10/2021', '5007663169821268', 4, '29/11/2019', '28/05/2023', 2);
insert into Customer (account_number, first_name, last_name, address, city, state, zip_code, telephone, email, create_cust_date, credit_card, plan_number, start_date, end_date, customer_rating) values (138, 'Kellsie', 'Antonoyev', '2 Utah Way', 'Cincinnati', 'Ohio', '45233', '513-201-4871', 'kantonoyev3t@hp.com', '10/07/2017', '5010126206345027', 1, '24/11/2017', '05/12/2022', 5);
insert into Customer (account_number, first_name, last_name, address, city, state, zip_code, telephone, email, create_cust_date, credit_card, plan_number, start_date, end_date, customer_rating) values (139, 'Duff', 'Bartalin', '20 Hollow Ridge Street', 'Corona', 'California', '92883', '951-377-2438', 'dbartalin3u@opensource.org', '14/06/2019', '5007664153046003', 1, '18/03/2020', '24/01/2024', 1);
insert into Customer (account_number, first_name, last_name, address, city, state, zip_code, telephone, email, create_cust_date, credit_card, plan_number, start_date, end_date, customer_rating) values (140, 'Alaster', 'Killingbeck', '1 Packers Street', 'Colorado Springs', 'Colorado', '80951', '719-991-7994', 'akillingbeck3v@comcast.net', '17/12/2017', '5007665744889058', 3, '26/10/2018', '23/12/2023', 2);
insert into Customer (account_number, first_name, last_name, address, city, state, zip_code, telephone, email, create_cust_date, credit_card, plan_number, start_date, end_date, customer_rating) values (141, 'Benedetto', 'Baswall', '95804 Sundown Avenue', 'New Orleans', 'Louisiana', '70129', '504-402-5640', 'bbaswall3w@51.la', '07/07/2021', '5007664850573671', 2, '16/05/2022', '24/06/2023', 3);
insert into Customer (account_number, first_name, last_name, address, city, state, zip_code, telephone, email, create_cust_date, credit_card, plan_number, start_date, end_date, customer_rating) values (142, 'Francois', 'Pideon', '9 Iowa Lane', 'Gainesville', 'Georgia', '30506', '678-299-3236', 'fpideon3x@wp.com', '04/09/2018', '5002357087889672', 1, '08/07/2018', '20/06/2023', 3);
insert into Customer (account_number, first_name, last_name, address, city, state, zip_code, telephone, email, create_cust_date, credit_card, plan_number, start_date, end_date, customer_rating) values (143, 'Guglielmo', 'McGinny', '00 Mifflin Plaza', 'Austin', 'Texas', '78744', '361-321-3801', 'gmcginny3y@g.co', '13/05/2020', '5010123808599309', 3, '03/08/2020', '24/01/2024', 1);
insert into Customer (account_number, first_name, last_name, address, city, state, zip_code, telephone, email, create_cust_date, credit_card, plan_number, start_date, end_date, customer_rating) values (144, 'Starla', 'Wyer', '1 Dahle Place', 'Charleston', 'South Carolina', '29411', '843-935-4245', 'swyer3z@etsy.com', '31/12/2016', '372301580720235', 3, '07/01/2017', '12/02/2024', 3);
insert into Customer (account_number, first_name, last_name, address, city, state, zip_code, telephone, email, create_cust_date, credit_card, plan_number, start_date, end_date, customer_rating) values (145, 'Fletch', 'Leitch', '135 Macpherson Plaza', 'Fort Wayne', 'Indiana', '46857', '260-345-8280', 'fleitch40@blogs.com', '23/09/2021', '5007665742957923', 2, '18/01/2021', '13/04/2023', 2);
insert into Customer (account_number, first_name, last_name, address, city, state, zip_code, telephone, email, create_cust_date, credit_card, plan_number, start_date, end_date, customer_rating) values (146, 'Hasty', 'Casbon', '7714 Canary Drive', 'Cincinnati', 'Ohio', '45271', '513-221-7275', 'hcasbon41@360.cn', '23/02/2019', '372301647238692', 4, '09/03/2022', '21/11/2023', 1);
insert into Customer (account_number, first_name, last_name, address, city, state, zip_code, telephone, email, create_cust_date, credit_card, plan_number, start_date, end_date, customer_rating) values (147, 'Ciel', 'Saunders', '321 Dakota Park', 'Rochester', 'New York', '14646', '585-253-7448', 'csaunders42@xing.com', '29/07/2022', '5002352393017217', 3, '09/10/2022', '19/11/2023', 2);
insert into Customer (account_number, first_name, last_name, address, city, state, zip_code, telephone, email, create_cust_date, credit_card, plan_number, start_date, end_date, customer_rating) values (148, 'Ginevra', 'Tschirschky', '59 Oxford Parkway', 'Fort Worth', 'Texas', '76115', '682-447-3860', 'gtschirschky43@lulu.com', '14/05/2022', '5007660654195141', 1, '27/04/2018', '06/05/2023', 3);
insert into Customer (account_number, first_name, last_name, address, city, state, zip_code, telephone, email, create_cust_date, credit_card, plan_number, start_date, end_date, customer_rating) values (149, 'Harmonia', 'Dorgan', '4 La Follette Street', 'Frankfort', 'Kentucky', '40618', '502-700-0345', 'hdorgan44@ebay.com', '17/03/2020', '5010128844477873', 4, '25/08/2017', '11/07/2023', 5);
insert into Customer (account_number, first_name, last_name, address, city, state, zip_code, telephone, email, create_cust_date, credit_card, plan_number, start_date, end_date, customer_rating) values (150, 'Galvan', 'Wilstead', '3 Veith Plaza', 'El Paso', 'Texas', '88525', '915-163-7504', 'gwilstead45@cam.ac.uk', '25/05/2020', '372301918172356', 2, '04/02/2020', '20/10/2023', 5);
insert into Customer (account_number, first_name, last_name, address, city, state, zip_code, telephone, email, create_cust_date, credit_card, plan_number, start_date, end_date, customer_rating) values (151, 'Cyrill', 'Petrenko', '661 Oak Court', 'Houston', 'Texas', '77085', '713-159-8927', 'cpetrenko46@usatoday.com', '25/10/2018', '5007665784222939', 4, '21/02/2021', '28/01/2024', 4);
insert into Customer (account_number, first_name, last_name, address, city, state, zip_code, telephone, email, create_cust_date, credit_card, plan_number, start_date, end_date, customer_rating) values (152, 'Tiffani', 'Pinkett', '364 Birchwood Hill', 'San Angelo', 'Texas', '76905', '325-305-4173', 'tpinkett47@state.gov', '27/02/2017', '5007664451987791', 4, '20/07/2018', '21/09/2023', 1);
insert into Customer (account_number, first_name, last_name, address, city, state, zip_code, telephone, email, create_cust_date, credit_card, plan_number, start_date, end_date, customer_rating) values (153, 'Lee', 'Purkess', '0 Fieldstone Crossing', 'Jefferson City', 'Missouri', '65110', '573-775-3831', 'lpurkess48@ft.com', '22/09/2020', '5007662044574704', 3, '20/11/2019', '06/02/2023', 2);
insert into Customer (account_number, first_name, last_name, address, city, state, zip_code, telephone, email, create_cust_date, credit_card, plan_number, start_date, end_date, customer_rating) values (154, 'Hashim', 'Sermin', '084 Rutledge Way', 'South Lake Tahoe', 'California', '96154', '530-928-4375', 'hsermin49@a8.net', '01/10/2017', '5002353349124008', 1, '12/11/2019', '07/11/2023', 4);
insert into Customer (account_number, first_name, last_name, address, city, state, zip_code, telephone, email, create_cust_date, credit_card, plan_number, start_date, end_date, customer_rating) values (155, 'Elberta', 'Dakin', '7 Arapahoe Avenue', 'Saginaw', 'Michigan', '48604', '989-471-5393', 'edakin4a@infoseek.co.jp', '05/04/2021', '5010125594318315', 3, '12/07/2022', '06/06/2023', 1);
insert into Customer (account_number, first_name, last_name, address, city, state, zip_code, telephone, email, create_cust_date, credit_card, plan_number, start_date, end_date, customer_rating) values (156, 'Roy', 'Dineges', '46845 Eagle Crest Pass', 'Louisville', 'Kentucky', '40215', '502-609-9856', 'rdineges4b@vinaora.com', '08/06/2022', '5010124832297712', 3, '23/10/2019', '21/11/2023', 3);
insert into Customer (account_number, first_name, last_name, address, city, state, zip_code, telephone, email, create_cust_date, credit_card, plan_number, start_date, end_date, customer_rating) values (157, 'Keary', 'McGettrick', '47504 Pawling Parkway', 'Charleston', 'West Virginia', '25313', '304-174-4400', 'kmcgettrick4c@vkontakte.ru', '08/11/2020', '5010121994117688', 2, '31/10/2019', '19/05/2023', 4);
insert into Customer (account_number, first_name, last_name, address, city, state, zip_code, telephone, email, create_cust_date, credit_card, plan_number, start_date, end_date, customer_rating) values (158, 'Marlow', 'Revell', '9271 Algoma Drive', 'Minneapolis', 'Minnesota', '55448', '763-446-7307', 'mrevell4d@plala.or.jp', '20/02/2018', '372301074076839', 4, '15/12/2021', '09/08/2023', 5);
insert into Customer (account_number, first_name, last_name, address, city, state, zip_code, telephone, email, create_cust_date, credit_card, plan_number, start_date, end_date, customer_rating) values (159, 'Pacorro', 'Dwelley', '3 Carioca Alley', 'Midland', 'Michigan', '48670', '989-483-1256', 'pdwelley4e@businessinsider.com', '13/03/2017', '372301367878883', 3, '20/10/2018', '14/02/2023', 1);
insert into Customer (account_number, first_name, last_name, address, city, state, zip_code, telephone, email, create_cust_date, credit_card, plan_number, start_date, end_date, customer_rating) values (160, 'Forrester', 'Thuillier', '9674 Upham Place', 'Albuquerque', 'New Mexico', '87140', '505-165-8586', 'fthuillier4f@cnet.com', '20/04/2020', '5007662843809269', 1, '23/05/2022', '04/04/2023', 2);
insert into Customer (account_number, first_name, last_name, address, city, state, zip_code, telephone, email, create_cust_date, credit_card, plan_number, start_date, end_date, customer_rating) values (161, 'Heloise', 'Bartosek', '6693 Aberg Junction', 'Worcester', 'Massachusetts', '01605', '508-834-3400', 'hbartosek4g@cmu.edu', '28/12/2020', '372301001718925', 2, '08/12/2016', '08/03/2023', 5);
insert into Customer (account_number, first_name, last_name, address, city, state, zip_code, telephone, email, create_cust_date, credit_card, plan_number, start_date, end_date, customer_rating) values (162, 'Edan', 'Tynnan', '9 Arapahoe Alley', 'Lansing', 'Michigan', '48956', '517-758-1256', 'etynnan4h@apache.org', '06/03/2021', '5007669472892839', 4, '15/07/2019', '30/11/2022', 5);
insert into Customer (account_number, first_name, last_name, address, city, state, zip_code, telephone, email, create_cust_date, credit_card, plan_number, start_date, end_date, customer_rating) values (163, 'Vanna', 'Roskelly', '24 Northview Hill', 'Baltimore', 'Maryland', '21265', '410-334-8915', 'vroskelly4i@chicagotribune.com', '06/11/2017', '372301436769931', 4, '26/06/2021', '20/02/2023', 4);
insert into Customer (account_number, first_name, last_name, address, city, state, zip_code, telephone, email, create_cust_date, credit_card, plan_number, start_date, end_date, customer_rating) values (164, 'Elfie', 'Grigoryev', '92488 Hagan Pass', 'Louisville', 'Kentucky', '40280', '502-198-2790', 'egrigoryev4j@goodreads.com', '09/03/2022', '372301913426948', 2, '13/05/2020', '25/08/2023', 5);
insert into Customer (account_number, first_name, last_name, address, city, state, zip_code, telephone, email, create_cust_date, credit_card, plan_number, start_date, end_date, customer_rating) values (165, 'Lindsey', 'Dolton', '2 Burrows Way', 'Virginia Beach', 'Virginia', '23459', '757-990-0860', 'ldolton4k@elpais.com', '09/02/2019', '5002355792090362', 4, '20/04/2017', '01/12/2023', 2);
insert into Customer (account_number, first_name, last_name, address, city, state, zip_code, telephone, email, create_cust_date, credit_card, plan_number, start_date, end_date, customer_rating) values (166, 'Jard', 'Kalinke', '8 Northland Center', 'Waco', 'Texas', '76705', '254-989-9000', 'jkalinke4l@list-manage.com', '06/04/2022', '5002353661649236', 3, '20/11/2021', '12/10/2023', 5);
insert into Customer (account_number, first_name, last_name, address, city, state, zip_code, telephone, email, create_cust_date, credit_card, plan_number, start_date, end_date, customer_rating) values (167, 'Artemas', 'O'' Reagan', '7 Delladonna Park', 'Omaha', 'Nebraska', '68134', '402-993-2469', 'aoreagan4m@ucsd.edu', '28/07/2022', '5007668628214583', 3, '27/03/2021', '21/02/2023', 1);
insert into Customer (account_number, first_name, last_name, address, city, state, zip_code, telephone, email, create_cust_date, credit_card, plan_number, start_date, end_date, customer_rating) values (168, 'Callie', 'Maciejak', '58 Rusk Point', 'New Haven', 'Connecticut', '06505', '203-507-6580', 'cmaciejak4n@furl.net', '16/10/2017', '5010125734942321', 4, '02/12/2018', '12/02/2023', 5);
insert into Customer (account_number, first_name, last_name, address, city, state, zip_code, telephone, email, create_cust_date, credit_card, plan_number, start_date, end_date, customer_rating) values (169, 'Twila', 'Cottingham', '407 Westridge Point', 'Chico', 'California', '95973', '916-786-0675', 'tcottingham4o@hp.com', '07/05/2019', '5007669987052770', 4, '27/03/2020', '13/01/2023', 5);
insert into Customer (account_number, first_name, last_name, address, city, state, zip_code, telephone, email, create_cust_date, credit_card, plan_number, start_date, end_date, customer_rating) values (170, 'Lorain', 'Huby', '4 Aberg Park', 'Lansing', 'Michigan', '48919', '517-448-3534', 'lhuby4p@economist.com', '23/07/2022', '5010127050549813', 4, '30/04/2017', '15/03/2023', 4);
insert into Customer (account_number, first_name, last_name, address, city, state, zip_code, telephone, email, create_cust_date, credit_card, plan_number, start_date, end_date, customer_rating) values (171, 'Fancie', 'Mattholie', '62250 Reinke Park', 'Albany', 'New York', '12262', '518-449-4888', 'fmattholie4q@wiley.com', '01/02/2019', '5007666408318913', 2, '07/03/2017', '19/05/2023', 4);
insert into Customer (account_number, first_name, last_name, address, city, state, zip_code, telephone, email, create_cust_date, credit_card, plan_number, start_date, end_date, customer_rating) values (172, 'Shirlene', 'Stott', '771 Arrowood Court', 'Houston', 'Texas', '77266', '832-270-5265', 'sstott4r@japanpost.jp', '14/09/2017', '5002357081536063', 1, '14/01/2019', '25/02/2023', 3);
insert into Customer (account_number, first_name, last_name, address, city, state, zip_code, telephone, email, create_cust_date, credit_card, plan_number, start_date, end_date, customer_rating) values (173, 'Benny', 'Grimditch', '69870 David Pass', 'Philadelphia', 'Pennsylvania', '19141', '215-272-8953', 'bgrimditch4s@cocolog-nifty.com', '29/04/2017', '5010129277636167', 3, '10/01/2021', '13/02/2024', 5);
insert into Customer (account_number, first_name, last_name, address, city, state, zip_code, telephone, email, create_cust_date, credit_card, plan_number, start_date, end_date, customer_rating) values (174, 'Rozele', 'Rohlf', '5 Loftsgordon Court', 'New York City', 'New York', '10249', '212-272-1882', 'rrohlf4t@archive.org', '04/11/2022', '5010120663087396', 2, '21/03/2021', '23/07/2023', 4);
insert into Customer (account_number, first_name, last_name, address, city, state, zip_code, telephone, email, create_cust_date, credit_card, plan_number, start_date, end_date, customer_rating) values (175, 'Serge', 'Robun', '432 Emmet Center', 'Santa Monica', 'California', '90405', '310-190-4127', 'srobun4u@pinterest.com', '01/03/2021', '372301894182619', 1, '20/01/2022', '10/07/2023', 1);
insert into Customer (account_number, first_name, last_name, address, city, state, zip_code, telephone, email, create_cust_date, credit_card, plan_number, start_date, end_date, customer_rating) values (176, 'Fawnia', 'Accum', '89854 Sullivan Center', 'Denver', 'Colorado', '80228', '303-169-8230', 'faccum4v@redcross.org', '04/01/2021', '5007669132686951', 4, '14/12/2019', '05/07/2023', 2);
insert into Customer (account_number, first_name, last_name, address, city, state, zip_code, telephone, email, create_cust_date, credit_card, plan_number, start_date, end_date, customer_rating) values (177, 'Isiahi', 'Jerrolt', '58 North Park', 'Fort Smith', 'Arkansas', '72916', '479-540-8084', 'ijerrolt4w@cocolog-nifty.com', '20/12/2017', '372301536079389', 2, '02/07/2018', '25/03/2023', 4);
insert into Customer (account_number, first_name, last_name, address, city, state, zip_code, telephone, email, create_cust_date, credit_card, plan_number, start_date, end_date, customer_rating) values (178, 'Davine', 'Haverson', '16 Dahle Park', 'Atlanta', 'Georgia', '30340', '404-541-6952', 'dhaverson4x@lycos.com', '09/05/2020', '372301907127825', 1, '15/02/2020', '05/11/2022', 2);
insert into Customer (account_number, first_name, last_name, address, city, state, zip_code, telephone, email, create_cust_date, credit_card, plan_number, start_date, end_date, customer_rating) values (179, 'Joshia', 'Gebuhr', '344 Esch Drive', 'Salt Lake City', 'Utah', '84130', '801-595-0390', 'jgebuhr4y@globo.com', '17/05/2019', '5007667202728646', 2, '24/07/2019', '16/02/2023', 3);
insert into Customer (account_number, first_name, last_name, address, city, state, zip_code, telephone, email, create_cust_date, credit_card, plan_number, start_date, end_date, customer_rating) values (180, 'Tailor', 'Minifie', '71165 Sheridan Lane', 'Portsmouth', 'New Hampshire', '03804', '603-433-3449', 'tminifie4z@tripod.com', '25/07/2017', '5010121216170721', 2, '12/02/2018', '30/08/2023', 4);
insert into Customer (account_number, first_name, last_name, address, city, state, zip_code, telephone, email, create_cust_date, credit_card, plan_number, start_date, end_date, customer_rating) values (181, 'Odie', 'Sokill', '238 Hayes Junction', 'Memphis', 'Tennessee', '38150', '901-978-1467', 'osokill50@timesonline.co.uk', '03/08/2019', '5007663083791563', 4, '12/03/2021', '25/01/2023', 2);
insert into Customer (account_number, first_name, last_name, address, city, state, zip_code, telephone, email, create_cust_date, credit_card, plan_number, start_date, end_date, customer_rating) values (182, 'Riordan', 'Lindenfeld', '57 Banding Terrace', 'Lansing', 'Michigan', '48912', '517-191-9781', 'rlindenfeld51@ezinearticles.com', '02/11/2018', '5002353645524919', 2, '01/09/2018', '02/01/2023', 3);
insert into Customer (account_number, first_name, last_name, address, city, state, zip_code, telephone, email, create_cust_date, credit_card, plan_number, start_date, end_date, customer_rating) values (183, 'Portie', 'Axford', '80123 Cody Center', 'Washington', 'District of Columbia', '20425', '202-529-6423', 'paxford52@wired.com', '08/04/2019', '372301973573365', 3, '25/11/2018', '16/09/2023', 2);
insert into Customer (account_number, first_name, last_name, address, city, state, zip_code, telephone, email, create_cust_date, credit_card, plan_number, start_date, end_date, customer_rating) values (184, 'Betti', 'Costain', '3946 Transport Parkway', 'Hollywood', 'Florida', '33028', '305-793-8877', 'bcostain53@rediff.com', '04/09/2019', '372301690396413', 3, '07/05/2021', '04/04/2023', 4);
insert into Customer (account_number, first_name, last_name, address, city, state, zip_code, telephone, email, create_cust_date, credit_card, plan_number, start_date, end_date, customer_rating) values (185, 'Glennis', 'MacLaren', '02 Arrowood Circle', 'Nashville', 'Tennessee', '37228', '615-205-6026', 'gmaclaren54@princeton.edu', '08/07/2017', '372301550912929', 2, '16/04/2019', '27/02/2023', 4);
insert into Customer (account_number, first_name, last_name, address, city, state, zip_code, telephone, email, create_cust_date, credit_card, plan_number, start_date, end_date, customer_rating) values (186, 'Cchaddie', 'Devas', '26 Carberry Crossing', 'San Antonio', 'Texas', '78285', '210-375-9581', 'cdevas55@tripod.com', '24/08/2019', '5007665910736869', 3, '10/07/2019', '29/12/2022', 3);
insert into Customer (account_number, first_name, last_name, address, city, state, zip_code, telephone, email, create_cust_date, credit_card, plan_number, start_date, end_date, customer_rating) values (187, 'Terrance', 'Farlow', '06247 Dexter Terrace', 'Gainesville', 'Florida', '32610', '352-101-7445', 'tfarlow56@unesco.org', '02/10/2019', '5002356627445250', 2, '14/09/2018', '10/01/2023', 4);
insert into Customer (account_number, first_name, last_name, address, city, state, zip_code, telephone, email, create_cust_date, credit_card, plan_number, start_date, end_date, customer_rating) values (188, 'Crista', 'Radmer', '652 Ridgeway Terrace', 'Pittsburgh', 'Pennsylvania', '15250', '412-324-5445', 'cradmer57@miitbeian.gov.cn', '14/05/2021', '372301902457987', 4, '04/05/2020', '04/07/2023', 5);
insert into Customer (account_number, first_name, last_name, address, city, state, zip_code, telephone, email, create_cust_date, credit_card, plan_number, start_date, end_date, customer_rating) values (189, 'Cassey', 'Ketchell', '01955 Oneill Terrace', 'Washington', 'District of Columbia', '20503', '202-240-2846', 'cketchell58@drupal.org', '03/07/2022', '5010120252614873', 4, '01/06/2020', '05/08/2023', 1);
insert into Customer (account_number, first_name, last_name, address, city, state, zip_code, telephone, email, create_cust_date, credit_card, plan_number, start_date, end_date, customer_rating) values (190, 'Pincas', 'Zammett', '4 Westerfield Circle', 'Dallas', 'Texas', '75210', '469-871-1921', 'pzammett59@chicagotribune.com', '30/10/2018', '5002357279025069', 3, '13/09/2019', '28/12/2023', 2);
insert into Customer (account_number, first_name, last_name, address, city, state, zip_code, telephone, email, create_cust_date, credit_card, plan_number, start_date, end_date, customer_rating) values (191, 'Marcie', 'Stoggell', '0566 Del Sol Lane', 'Louisville', 'Kentucky', '40225', '502-427-0805', 'mstoggell5a@oaic.gov.au', '20/11/2017', '372301755663442', 3, '04/11/2017', '06/07/2023', 2);
insert into Customer (account_number, first_name, last_name, address, city, state, zip_code, telephone, email, create_cust_date, credit_card, plan_number, start_date, end_date, customer_rating) values (192, 'Ricard', 'Smeal', '18864 Debs Place', 'Richmond', 'Virginia', '23289', '804-468-9089', 'rsmeal5b@army.mil', '31/01/2018', '5007662929560208', 3, '19/10/2022', '26/03/2023', 3);
insert into Customer (account_number, first_name, last_name, address, city, state, zip_code, telephone, email, create_cust_date, credit_card, plan_number, start_date, end_date, customer_rating) values (193, 'Eirena', 'Dawidowicz', '274 Walton Way', 'Inglewood', 'California', '90305', '310-434-6675', 'edawidowicz5c@g.co', '07/10/2019', '5007666006935829', 2, '31/07/2022', '27/02/2023', 4);
insert into Customer (account_number, first_name, last_name, address, city, state, zip_code, telephone, email, create_cust_date, credit_card, plan_number, start_date, end_date, customer_rating) values (194, 'Selene', 'Lafaye', '92759 Gale Place', 'Saint Petersburg', 'Florida', '33715', '727-755-3250', 'slafaye5d@blogtalkradio.com', '24/04/2018', '372301033596208', 2, '23/07/2019', '20/04/2023', 3);
insert into Customer (account_number, first_name, last_name, address, city, state, zip_code, telephone, email, create_cust_date, credit_card, plan_number, start_date, end_date, customer_rating) values (195, 'Talyah', 'Sebastian', '60244 Buena Vista Alley', 'South Bend', 'Indiana', '46699', '574-598-1153', 'tsebastian5e@facebook.com', '04/06/2017', '5002352351580404', 4, '24/03/2018', '12/01/2024', 2);
insert into Customer (account_number, first_name, last_name, address, city, state, zip_code, telephone, email, create_cust_date, credit_card, plan_number, start_date, end_date, customer_rating) values (196, 'Myrtice', 'Aspy', '500 Waxwing Center', 'High Point', 'North Carolina', '27264', '336-729-6017', 'maspy5f@springer.com', '30/01/2019', '5002353832559462', 4, '20/05/2019', '22/08/2023', 4);
insert into Customer (account_number, first_name, last_name, address, city, state, zip_code, telephone, email, create_cust_date, credit_card, plan_number, start_date, end_date, customer_rating) values (197, 'Jard', 'Lush', '5 Hallows Drive', 'Baltimore', 'Maryland', '21229', '443-662-1045', 'jlush5g@youku.com', '24/04/2018', '372301548085192', 3, '26/03/2017', '25/02/2023', 3);
insert into Customer (account_number, first_name, last_name, address, city, state, zip_code, telephone, email, create_cust_date, credit_card, plan_number, start_date, end_date, customer_rating) values (198, 'Patricio', 'Daybell', '85301 Tony Junction', 'Atlanta', 'Georgia', '30328', '678-249-7494', 'pdaybell5h@fda.gov', '15/12/2021', '5002354237371040', 2, '24/09/2022', '09/11/2022', 3);
insert into Customer (account_number, first_name, last_name, address, city, state, zip_code, telephone, email, create_cust_date, credit_card, plan_number, start_date, end_date, customer_rating) values (199, 'Guilbert', 'Howsden', '21709 Mosinee Trail', 'Reading', 'Pennsylvania', '19605', '484-981-9944', 'ghowsden5i@mac.com', '09/11/2020', '5010122048369119', 1, '11/12/2018', '25/09/2023', 2);
insert into Customer (account_number, first_name, last_name, address, city, state, zip_code, telephone, email, create_cust_date, credit_card, plan_number, start_date, end_date, customer_rating) values (200, 'Imogen', 'Bulward', '68 Chinook Trail', 'Greensboro', 'North Carolina', '27499', '336-636-0135', 'ibulward5j@stumbleupon.com', '21/03/2018', '372301093569301', 4, '28/01/2017', '12/07/2023', 4);

insert into Genre (type_of_movie) values ('Action');
insert into Genre (type_of_movie) values ('Adventure');
insert into Genre (type_of_movie) values ('Animated');
insert into Genre (type_of_movie) values ('Comedy');
insert into Genre (type_of_movie) values ('Drama');
insert into Genre (type_of_movie) values ('Fantasy');
insert into Genre (type_of_movie) values ('Historical');
insert into Genre (type_of_movie) values ('Horror');
insert into Genre (type_of_movie) values ('Romance');
insert into Genre (type_of_movie) values ('Thriller');
insert into Genre (type_of_movie) values ('Western');
insert into Genre (type_of_movie) values ('Sci-Fi');

insert into Movie_type (movie_id, type_of_movie) values (40, 'Adventure');
insert into Movie_type (movie_id, type_of_movie) values (40, 'Thriller');
insert into Movie_type (movie_id, type_of_movie) values (47, 'Animated');
insert into Movie_type (movie_id, type_of_movie) values (35, 'Action');
insert into Movie_type (movie_id, type_of_movie) values (48, 'Animated');
insert into Movie_type (movie_id, type_of_movie) values (22, 'Thriller');
insert into Movie_type (movie_id, type_of_movie) values (5, 'Romance');
insert into Movie_type (movie_id, type_of_movie) values (1, 'Animated');
insert into Movie_type (movie_id, type_of_movie) values (51, 'Action');
insert into Movie_type (movie_id, type_of_movie) values (58, 'Horror');
insert into Movie_type (movie_id, type_of_movie) values (48, 'Historical');
insert into Movie_type (movie_id, type_of_movie) values (4, 'Horror');
insert into Movie_type (movie_id, type_of_movie) values (6, 'Animated');
insert into Movie_type (movie_id, type_of_movie) values (64, 'Animated');
insert into Movie_type (movie_id, type_of_movie) values (35, 'Western');
insert into Movie_type (movie_id, type_of_movie) values (5, 'Historical');
insert into Movie_type (movie_id, type_of_movie) values (27, 'Historical');
insert into Movie_type (movie_id, type_of_movie) values (21, 'Western');
insert into Movie_type (movie_id, type_of_movie) values (14, 'Horror');
insert into Movie_type (movie_id, type_of_movie) values (61, 'Western');
insert into Movie_type (movie_id, type_of_movie) values (13, 'Horror');
insert into Movie_type (movie_id, type_of_movie) values (56, 'Horror');
insert into Movie_type (movie_id, type_of_movie) values (43, 'Animated');
insert into Movie_type (movie_id, type_of_movie) values (49, 'Action');
insert into Movie_type (movie_id, type_of_movie) values (34, 'Action');
insert into Movie_type (movie_id, type_of_movie) values (23, 'Romance');
insert into Movie_type (movie_id, type_of_movie) values (20, 'Comedy');
insert into Movie_type (movie_id, type_of_movie) values (55, 'Thriller');
insert into Movie_type (movie_id, type_of_movie) values (11, 'Historical');
insert into Movie_type (movie_id, type_of_movie) values (9, 'Fantasy');
insert into Movie_type (movie_id, type_of_movie) values (30, 'Thriller');
insert into Movie_type (movie_id, type_of_movie) values (66, 'Romance');
insert into Movie_type (movie_id, type_of_movie) values (43, 'Thriller');
insert into Movie_type (movie_id, type_of_movie) values (32, 'Sci-Fi');
insert into Movie_type (movie_id, type_of_movie) values (4, 'Western');
insert into Movie_type (movie_id, type_of_movie) values (35, 'Thriller');
insert into Movie_type (movie_id, type_of_movie) values (62, 'Action');
insert into Movie_type (movie_id, type_of_movie) values (65, 'Horror');
insert into Movie_type (movie_id, type_of_movie) values (57, 'Thriller');
insert into Movie_type (movie_id, type_of_movie) values (28, 'Comedy');
insert into Movie_type (movie_id, type_of_movie) values (61, 'Comedy');
insert into Movie_type (movie_id, type_of_movie) values (43, 'Historical');
insert into Movie_type (movie_id, type_of_movie) values (9, 'Sci-Fi');
insert into Movie_type (movie_id, type_of_movie) values (22, 'Fantasy');
insert into Movie_type (movie_id, type_of_movie) values (17, 'Thriller');
insert into Movie_type (movie_id, type_of_movie) values (30, 'Historical');
insert into Movie_type (movie_id, type_of_movie) values (42, 'Thriller');
insert into Movie_type (movie_id, type_of_movie) values (17, 'Adventure');
insert into Movie_type (movie_id, type_of_movie) values (59, 'Animated');
insert into Movie_type (movie_id, type_of_movie) values (67, 'Drama');
insert into Movie_type (movie_id, type_of_movie) values (68, 'Romance');
insert into Movie_type (movie_id, type_of_movie) values (32, 'Adventure');
insert into Movie_type (movie_id, type_of_movie) values (29, 'Horror');
insert into Movie_type (movie_id, type_of_movie) values (15, 'Comedy');
insert into Movie_type (movie_id, type_of_movie) values (63, 'Action');
insert into Movie_type (movie_id, type_of_movie) values (70, 'Horror');
insert into Movie_type (movie_id, type_of_movie) values (24, 'Comedy');
insert into Movie_type (movie_id, type_of_movie) values (64, 'Western');
insert into Movie_type (movie_id, type_of_movie) values (22, 'Sci-Fi');
insert into Movie_type (movie_id, type_of_movie) values (30, 'Adventure');
insert into Movie_type (movie_id, type_of_movie) values (19, 'Drama');
insert into Movie_type (movie_id, type_of_movie) values (4, 'Drama');
insert into Movie_type (movie_id, type_of_movie) values (31, 'Romance');
insert into Movie_type (movie_id, type_of_movie) values (38, 'Adventure');
insert into Movie_type (movie_id, type_of_movie) values (54, 'Romance');
insert into Movie_type (movie_id, type_of_movie) values (46, 'Animated');
insert into Movie_type (movie_id, type_of_movie) values (63, 'Sci-Fi');
insert into Movie_type (movie_id, type_of_movie) values (37, 'Action');
insert into Movie_type (movie_id, type_of_movie) values (35, 'Sci-Fi');
insert into Movie_type (movie_id, type_of_movie) values (70, 'Action');
insert into Movie_type (movie_id, type_of_movie) values (31, 'Historical');
insert into Movie_type (movie_id, type_of_movie) values (50, 'Thriller');
insert into Movie_type (movie_id, type_of_movie) values (20, 'Horror');
insert into Movie_type (movie_id, type_of_movie) values (53, 'Thriller');
insert into Movie_type (movie_id, type_of_movie) values (47, 'Adventure');
insert into Movie_type (movie_id, type_of_movie) values (11, 'Fantasy');
insert into Movie_type (movie_id, type_of_movie) values (6, 'Sci-Fi');
insert into Movie_type (movie_id, type_of_movie) values (32, 'Historical');
insert into Movie_type (movie_id, type_of_movie) values (2, 'Animated');
insert into Movie_type (movie_id, type_of_movie) values (32, 'Drama');
insert into Movie_type (movie_id, type_of_movie) values (14, 'Sci-Fi');
insert into Movie_type (movie_id, type_of_movie) values (1, 'Western');
insert into Movie_type (movie_id, type_of_movie) values (62, 'Historical');
insert into Movie_type (movie_id, type_of_movie) values (51, 'Animated');
insert into Movie_type (movie_id, type_of_movie) values (21, 'Horror');
insert into Movie_type (movie_id, type_of_movie) values (33, 'Sci-Fi');
insert into Movie_type (movie_id, type_of_movie) values (35, 'Historical');
insert into Movie_type (movie_id, type_of_movie) values (53, 'Sci-Fi');
insert into Movie_type (movie_id, type_of_movie) values (54, 'Thriller');
insert into Movie_type (movie_id, type_of_movie) values (49, 'Comedy');
insert into Movie_type (movie_id, type_of_movie) values (25, 'Drama');
insert into Movie_type (movie_id, type_of_movie) values (11, 'Horror');
insert into Movie_type (movie_id, type_of_movie) values (39, 'Fantasy');
insert into Movie_type (movie_id, type_of_movie) values (46, 'Drama');
insert into Movie_type (movie_id, type_of_movie) values (36, 'Animated');
insert into Movie_type (movie_id, type_of_movie) values (52, 'Comedy');
insert into Movie_type (movie_id, type_of_movie) values (14, 'Adventure');
insert into Movie_type (movie_id, type_of_movie) values (66, 'Animated');
insert into Movie_type (movie_id, type_of_movie) values (28, 'Historical');
insert into Movie_type (movie_id, type_of_movie) values (12, 'Drama');
insert into Movie_type (movie_id, type_of_movie) values (61, 'Animated');
insert into Movie_type (movie_id, type_of_movie) values (44, 'Adventure');
insert into Movie_type (movie_id, type_of_movie) values (41, 'Sci-Fi');
insert into Movie_type (movie_id, type_of_movie) values (16, 'Action');
insert into Movie_type (movie_id, type_of_movie) values (58, 'Drama');
insert into Movie_type (movie_id, type_of_movie) values (10, 'Romance');
insert into Movie_type (movie_id, type_of_movie) values (64, 'Historical');
insert into Movie_type (movie_id, type_of_movie) values (52, 'Sci-Fi');
insert into Movie_type (movie_id, type_of_movie) values (45, 'Romance');
insert into Movie_type (movie_id, type_of_movie) values (56, 'Sci-Fi');
insert into Movie_type (movie_id, type_of_movie) values (25, 'Horror');
insert into Movie_type (movie_id, type_of_movie) values (51, 'Fantasy');
insert into Movie_type (movie_id, type_of_movie) values (59, 'Horror');
insert into Movie_type (movie_id, type_of_movie) values (34, 'Thriller');
insert into Movie_type (movie_id, type_of_movie) values (4, 'Sci-Fi');
insert into Movie_type (movie_id, type_of_movie) values (58, 'Adventure');
insert into Movie_type (movie_id, type_of_movie) values (70, 'Historical');
insert into Movie_type (movie_id, type_of_movie) values (9, 'Comedy');
insert into Movie_type (movie_id, type_of_movie) values (38, 'Historical');
insert into Movie_type (movie_id, type_of_movie) values (60, 'Adventure');
insert into Movie_type (movie_id, type_of_movie) values (66, 'Comedy');
insert into Movie_type (movie_id, type_of_movie) values (16, 'Adventure');
insert into Movie_type (movie_id, type_of_movie) values (38, 'Horror');
insert into Movie_type (movie_id, type_of_movie) values (22, 'Animated');
insert into Movie_type (movie_id, type_of_movie) values (32, 'Western');
insert into Movie_type (movie_id, type_of_movie) values (69, 'Sci-Fi');
insert into Movie_type (movie_id, type_of_movie) values (61, 'Drama');
insert into Movie_type (movie_id, type_of_movie) values (70, 'Adventure');
insert into Movie_type (movie_id, type_of_movie) values (55, 'Horror');
insert into Movie_type (movie_id, type_of_movie) values (42, 'Horror');
insert into Movie_type (movie_id, type_of_movie) values (35, 'Comedy');
insert into Movie_type (movie_id, type_of_movie) values (42, 'Sci-Fi');
insert into Movie_type (movie_id, type_of_movie) values (25, 'Action');
insert into Movie_type (movie_id, type_of_movie) values (56, 'Animated');
insert into Movie_type (movie_id, type_of_movie) values (15, 'Historical');
insert into Movie_type (movie_id, type_of_movie) values (57, 'Sci-Fi');
